"","x"
"A01_1_Nuclei_NeuNP_H200_1025_MTG_layer1_BCH9~MTG_L1_pos","2"
"A01_BCH3_1NeuNP_H200.1030_MTG_Layer_1~MTG_L1_pos","3"
"A02_BCH1_1NeuNP_H200.1025_MTG_layer_1~MTG_L1_pos","4"
"A03_1_Nuclei_NeuNP_H200_1025_MTG_layer1_BCH9~MTG_L1_pos","5"
"A03_BCH1_1NeuNP_H200.1025_MTG_layer_1~MTG_L1_pos","5"
"A04_1_Nuclei_NeuNP_H200_1025_MTG_layer1_BCH9~MTG_L1_pos","3"
"A04_BCH1_1NeuNP_H200.1025_MTG_layer_1~MTG_L1_pos","4"
"A04_BCH3_1NeuNP_H200.1030_MTG_Layer_1~MTG_L1_pos","5"
"A05_1_Nuclei_NeuNP_H200_1025_MTG_layer1_BCH9~MTG_L1_pos","4"
"A05_BCH1_1NeuNP_H200.1025_MTG_layer_1~MTG_L1_pos","4"
"A05_BCH3_1NeuNP_H200.1030_MTG_Layer_1~MTG_L1_pos","4"
"A06_1_Nuclei_NeuNP_H200_1025_MTG_layer1_BCH9~MTG_L1_pos","3"
"A06_BCH1_1NeuNP_H200.1025_MTG_layer_1~MTG_L1_pos","5"
"A07_1_Nuclei_NeuNP_H200_1025_MTG_layer1_BCH9~MTG_L1_pos","4"
"A07_BCH1_1NeuNP_H200.1025_MTG_layer_1~MTG_L1_pos","4"
"A07_BCH3_1NeuNP_H200.1030_MTG_Layer_1~MTG_L1_pos","5"
"A08_1_Nuclei_NeuNP_H200_1025_MTG_layer1_BCH9~MTG_L1_pos","5"
"A08_BCH1_1NeuNP_H200.1025_MTG_layer_1~MTG_L1_pos","6"
"A08_BCH3_1NeuNP_H200.1030_MTG_Layer_1~MTG_L1_pos","4"
"A09_1_Nuclei_NeuNP_H200_1025_MTG_layer1_BCH9~MTG_L1_pos","5"
"A10_1_Nuclei_NeuNP_H200_1025_MTG_layer1_BCH9~MTG_L1_pos","4"
"A11_1_Nuclei_NeuNP_H200_1025_MTG_layer1_BCH9~MTG_L1_pos","5"
"A12_1_Nuclei_NeuNP_H200_1025_MTG_layer1_BCH9~MTG_L1_pos","2"
"A13_1_Nuclei_NeuNP_H200_1030_MTG_layer1_BCH5~MTG_L1_pos","3"
"A13_1_Nuclei_NeuNP_H200_1030_MTG_layer1_BCH6~MTG_L1_pos","4"
"A13_1_Nuclei_NeuNP_H200_1030_MTG_layer1_BCH7~MTG_L1_pos","5"
"A13_BCH1_1NeuNP_H200.1030_MTG_layer_1~MTG_L1_pos","4"
"A14_1_Nuclei_NeuNP_H200_1030_MTG_layer1_BCH5~MTG_L1_pos","5"
"A14_1_Nuclei_NeuNP_H200_1030_MTG_layer1_BCH7~MTG_L1_pos","3"
"A14_BCH1_1NeuNP_H200.1030_MTG_layer_1~MTG_L1_pos","4"
"A14_BCH3_1NeuNP_H200.1025_MTG_Layer_1~MTG_L1_pos","5"
"A15_1_Nuclei_NeuNP_H200_1030_MTG_layer1_BCH5~MTG_L1_pos","5"
"A15_1_Nuclei_NeuNP_H200_1030_MTG_layer1_BCH6~MTG_L1_pos","4"
"A15_1_Nuclei_NeuNP_H200_1030_MTG_layer1_BCH7~MTG_L1_pos","3"
"A15_BCH1_1NeuNP_H200.1030_MTG_layer_1~MTG_L1_pos","5"
"A16_1_Nuclei_NeuNP_H200_1030_MTG_layer1_BCH5~MTG_L1_pos","4"
"A16_1_Nuclei_NeuNP_H200_1030_MTG_layer1_BCH7~MTG_L1_pos","4"
"A16_BCH1_1NeuNP_H200.1030_MTG_layer_1~MTG_L1_pos","4"
"A17_1_Nuclei_NeuNP_H200_1030_MTG_layer1_BCH5~MTG_L1_pos","5"
"A17_1_Nuclei_NeuNP_H200_1030_MTG_layer1_BCH6~MTG_L1_pos","3"
"A17_1_Nuclei_NeuNP_H200_1030_MTG_layer1_BCH7~MTG_L1_pos","5"
"A17_BCH1_1NeuNP_H200.1030_MTG_layer_1~MTG_L1_pos","5"
"A17_BCH3_1NeuNP_H200.1025_MTG_Layer_1~MTG_L1_pos","7"
"A18_1_Nuclei_NeuNP_H200_1030_MTG_layer1_BCH5~MTG_L1_pos","4"
"A18_1_Nuclei_NeuNP_H200_1030_MTG_layer1_BCH6~MTG_L1_pos","5"
"A18_1_Nuclei_NeuNP_H200_1030_MTG_layer1_BCH7~MTG_L1_pos","4"
"A18_BCH1_1NeuNP_H200.1030_MTG_layer_1~MTG_L1_pos","4"
"A18_BCH3_1NeuNP_H200.1025_MTG_Layer_1~MTG_L1_pos","3"
"A19_1_Nuclei_NeuNP_H200_1030_MTG_layer1_BCH5~MTG_L1_pos","5"
"A19_1_Nuclei_NeuNP_H200_1030_MTG_layer1_BCH6~MTG_L1_pos","4"
"A19_1_Nuclei_NeuNP_H200_1030_MTG_layer1_BCH7~MTG_L1_pos","3"
"A19_BCH1_1NeuNP_H200.1030_MTG_layer_1~MTG_L1_pos","5"
"A19_BCH3_1NeuNP_H200.1025_MTG_Layer_1~MTG_L1_pos","4"
"A20_1_Nuclei_NeuNP_H200_1030_MTG_layer1_BCH5~MTG_L1_pos","4"
"A20_1_Nuclei_NeuNP_H200_1030_MTG_layer1_BCH6~MTG_L1_pos","4"
"A20_BCH1_1NeuNP_H200.1030_MTG_layer_1~MTG_L1_pos","4"
"A20_BCH3_1NeuNP_H200.1025_MTG_Layer_1~MTG_L1_pos","4"
"A21_1_Nuclei_NeuNP_H200_1030_MTG_layer1_BCH5~MTG_L1_pos","4"
"A21_1_Nuclei_NeuNP_H200_1030_MTG_layer1_BCH6~MTG_L1_pos","7"
"A21_1_Nuclei_NeuNP_H200_1030_MTG_layer1_BCH7~MTG_L1_pos","3"
"A21_BCH1_1NeuNP_H200.1030_MTG_layer_1~MTG_L1_pos","4"
"A21_BCH3_1NeuNP_H200.1025_MTG_Layer_1~MTG_L1_pos","4"
"A22_1_Nuclei_NeuNP_H200_1030_MTG_layer1_BCH5~MTG_L1_pos","4"
"A22_1_Nuclei_NeuNP_H200_1030_MTG_layer1_BCH6~MTG_L1_pos","5"
"A22_1_Nuclei_NeuNP_H200_1030_MTG_layer1_BCH7~MTG_L1_pos","4"
"A22_BCH3_1NeuNP_H200.1025_MTG_Layer_1~MTG_L1_pos","5"
"A23_1_Nuclei_NeuNP_H200_1030_MTG_layer1_BCH5~MTG_L1_pos","5"
"A23_1_Nuclei_NeuNP_H200_1030_MTG_layer1_BCH6~MTG_L1_pos","4"
"A23_1_Nuclei_NeuNP_H200_1030_MTG_layer1_BCH7~MTG_L1_pos","4"
"A23_BCH1_1NeuNP_H200.1030_MTG_layer_1~MTG_L1_pos","5"
"A24_1_Nuclei_NeuNP_H200_1030_MTG_layer1_BCH5~MTG_L1_pos","3"
"A24_1_Nuclei_NeuNP_H200_1030_MTG_layer1_BCH6~MTG_L1_pos","5"
"A24_1_Nuclei_NeuNP_H200_1030_MTG_layer1_BCH7~MTG_L1_pos","3"
"A24_BCH1_1NeuNP_H200.1030_MTG_layer_1~MTG_L1_pos","5"
"A24_BCH3_1NeuNP_H200.1025_MTG_Layer_1~MTG_L1_pos","5"
"B01_1_Nuclei_NeuNP_H200_1025_MTG_layer1_BCH6~MTG_L1_pos","4"
"B01_1_Nuclei_NeuNP_H200_1025_MTG_layer1_BCH7~MTG_L1_pos","4"
"B01_1_Nuclei_NeuNP_H200_1025_MTG_layer1_BCH9~MTG_L1_pos","5"
"B02_1_Nuclei_NeuNP_H200_1025_MTG_layer1_BCH6~MTG_L1_pos","4"
"B02_1_Nuclei_NeuNP_H200_1025_MTG_layer1_BCH7~MTG_L1_pos","3"
"B02_1_Nuclei_NeuNP_H200_1025_MTG_layer1_BCH9~MTG_L1_pos","4"
"B02_1_Nuclei_NeuNP_H200_1030_MTG_layer1_BCH8~MTG_L1_pos","5"
"B02_BCH1_1NeuNP_H200.1025_MTG_layer_1~MTG_L1_pos","4"
"B03_1_Nuclei_NeuNP_H200_1025_MTG_layer1_BCH6~MTG_L1_pos","3"
"B03_1_Nuclei_NeuNP_H200_1025_MTG_layer1_BCH9~MTG_L1_pos","4"
"B03_1_Nuclei_NeuNP_H200_1030_MTG_layer1_BCH8~MTG_L1_pos","5"
"B03_BCH1_1NeuNP_H200.1025_MTG_layer_1~MTG_L1_pos","4"
"B04_1_Nuclei_NeuNP_H200_1025_MTG_layer1_BCH6~MTG_L1_pos","2"
"B04_1_Nuclei_NeuNP_H200_1025_MTG_layer1_BCH7~MTG_L1_pos","4"
"B04_1_Nuclei_NeuNP_H200_1025_MTG_layer1_BCH9~MTG_L1_pos","2"
"B04_1_Nuclei_NeuNP_H200_1030_MTG_layer1_BCH8~MTG_L1_pos","3"
"B04_BCH1_1NeuNP_H200.1025_MTG_layer_1~MTG_L1_pos","5"
"B05_1_Nuclei_NeuNP_H200_1025_MTG_layer1_BCH6~MTG_L1_pos","2"
"B05_1_Nuclei_NeuNP_H200_1025_MTG_layer1_BCH9~MTG_L1_pos","5"
"B05_1_Nuclei_NeuNP_H200_1030_MTG_layer1_BCH8~MTG_L1_pos","4"
"B05_BCH1_1NeuNP_H200.1025_MTG_layer_1~MTG_L1_pos","4"
"B06_1_Nuclei_NeuNP_H200_1025_MTG_layer1_BCH6~MTG_L1_pos","2"
"B06_1_Nuclei_NeuNP_H200_1025_MTG_layer1_BCH7~MTG_L1_pos","2"
"B06_1_Nuclei_NeuNP_H200_1025_MTG_layer1_BCH9~MTG_L1_pos","5"
"B06_1_Nuclei_NeuNP_H200_1030_MTG_layer1_BCH8~MTG_L1_pos","4"
"B06_BCH1_1NeuNP_H200.1025_MTG_layer_1~MTG_L1_pos","5"
"B07_1_Nuclei_NeuNP_H200_1025_MTG_layer1_BCH7~MTG_L1_pos","4"
"B07_1_Nuclei_NeuNP_H200_1030_MTG_layer1_BCH8~MTG_L1_pos","4"
"B07_BCH1_1NeuNP_H200.1025_MTG_layer_1~MTG_L1_pos","2"
"B08_1_Nuclei_NeuNP_H200_1025_MTG_layer1_BCH6~MTG_L1_pos","5"
"B08_1_Nuclei_NeuNP_H200_1025_MTG_layer1_BCH7~MTG_L1_pos","5"
"B08_1_Nuclei_NeuNP_H200_1025_MTG_layer1_BCH9~MTG_L1_pos","5"
"B08_BCH1_1NeuNP_H200.1025_MTG_layer_1~MTG_L1_pos","4"
"B09_1_Nuclei_NeuNP_H200_1025_MTG_layer1_BCH6~MTG_L1_pos","5"
"B09_1_Nuclei_NeuNP_H200_1025_MTG_layer1_BCH7~MTG_L1_pos","5"
"B09_1_Nuclei_NeuNP_H200_1030_MTG_layer1_BCH8~MTG_L1_pos","4"
"B09_BCH1_1NeuNP_H200.1025_MTG_layer_1~MTG_L1_pos","4"
"B10_1_Nuclei_NeuNP_H200_1025_MTG_layer1_BCH6~MTG_L1_pos","5"
"B10_1_Nuclei_NeuNP_H200_1025_MTG_layer1_BCH7~MTG_L1_pos","3"
"B10_1_Nuclei_NeuNP_H200_1030_MTG_layer1_BCH8~MTG_L1_pos","5"
"B10_BCH1_1NeuNP_H200.1025_MTG_layer_1~MTG_L1_pos","3"
"B11_1_Nuclei_NeuNP_H200_1025_MTG_layer1_BCH6~MTG_L1_pos","2"
"B11_1_Nuclei_NeuNP_H200_1025_MTG_layer1_BCH7~MTG_L1_pos","5"
"B11_1_Nuclei_NeuNP_H200_1025_MTG_layer1_BCH9~MTG_L1_pos","4"
"B11_1_Nuclei_NeuNP_H200_1030_MTG_layer1_BCH8~MTG_L1_pos","2"
"B11_BCH1_1NeuNP_H200.1025_MTG_layer_1~MTG_L1_pos","5"
"B12_1_Nuclei_NeuNP_H200_1025_MTG_layer1_BCH6~MTG_L1_pos","5"
"B12_1_Nuclei_NeuNP_H200_1025_MTG_layer1_BCH7~MTG_L1_pos","5"
"B12_1_Nuclei_NeuNP_H200_1025_MTG_layer1_BCH9~MTG_L1_pos","4"
"B12_BCH1_1NeuNP_H200.1025_MTG_layer_1~MTG_L1_pos","5"
"C01_1_Nuclei_NeuNP_H200_1025_MTG_layer1_BCH9~MTG_L1_pos","5"
"C01_BCH1_1NeuNP_H200.1025_MTG_layer_1~MTG_L1_pos","2"
"C01_BCH3_1NeuNP_H200.1030_MTG_Layer_1~MTG_L1_pos","5"
"C02_1_Nuclei_NeuNP_H200_1025_MTG_layer1_BCH9~MTG_L1_pos","5"
"C02_BCH1_1NeuNP_H200.1025_MTG_layer_1~MTG_L1_pos","5"
"C02_BCH3_1NeuNP_H200.1030_MTG_Layer_1~MTG_L1_pos","2"
"C03_1_Nuclei_NeuNP_H200_1025_MTG_layer1_BCH9~MTG_L1_pos","6"
"C03_BCH1_1NeuNP_H200.1025_MTG_layer_1~MTG_L1_pos","5"
"C03_BCH3_1NeuNP_H200.1030_MTG_Layer_1~MTG_L1_pos","5"
"C04_1_Nuclei_NeuNP_H200_1025_MTG_layer1_BCH9~MTG_L1_pos","4"
"C04_BCH1_1NeuNP_H200.1025_MTG_layer_1~MTG_L1_pos","5"
"C04_BCH3_1NeuNP_H200.1030_MTG_Layer_1~MTG_L1_pos","5"
"C05_1_Nuclei_NeuNP_H200_1025_MTG_layer1_BCH9~MTG_L1_pos","4"
"C05_BCH1_1NeuNP_H200.1025_MTG_layer_1~MTG_L1_pos","5"
"C05_BCH3_1NeuNP_H200.1030_MTG_Layer_1~MTG_L1_pos","5"
"C06_1_Nuclei_NeuNP_H200_1025_MTG_layer1_BCH9~MTG_L1_pos","4"
"C06_BCH1_1NeuNP_H200.1025_MTG_layer_1~MTG_L1_pos","2"
"C06_BCH3_1NeuNP_H200.1030_MTG_Layer_1~MTG_L1_pos","5"
"C07_BCH1_1NeuNP_H200.1025_MTG_layer_1~MTG_L1_pos","2"
"C07_BCH3_1NeuNP_H200.1030_MTG_Layer_1~MTG_L1_pos","2"
"C08_1_Nuclei_NeuNP_H200_1025_MTG_layer1_BCH9~MTG_L1_pos","3"
"C08_BCH1_1NeuNP_H200.1025_MTG_layer_1~MTG_L1_pos","5"
"C08_BCH3_1NeuNP_H200.1030_MTG_Layer_1~MTG_L1_pos","3"
"C10_1_Nuclei_NeuNP_H200_1025_MTG_layer1_BCH9~MTG_L1_pos","2"
"C12_1_Nuclei_NeuNP_H200_1025_MTG_layer1_BCH9~MTG_L1_pos","4"
"C13_1_Nuclei_NeuNP_H200_1030_MTG_layer1_BCH5~MTG_L1_pos","5"
"C13_1_Nuclei_NeuNP_H200_1030_MTG_layer1_BCH6~MTG_L1_pos","3"
"C13_1_Nuclei_NeuNP_H200_1030_MTG_layer1_BCH7~MTG_L1_pos","4"
"C13_BCH1_1NeuNP_H200.1030_MTG_layer_1~MTG_L1_pos","4"
"C13_BCH3_1NeuNP_H200.1025_MTG_Layer_1~MTG_L1_pos","5"
"C14_1_Nuclei_NeuNP_H200_1030_MTG_layer1_BCH5~MTG_L1_pos","4"
"C14_1_Nuclei_NeuNP_H200_1030_MTG_layer1_BCH6~MTG_L1_pos","5"
"C14_1_Nuclei_NeuNP_H200_1030_MTG_layer1_BCH7~MTG_L1_pos","4"
"C14_BCH1_1NeuNP_H200.1030_MTG_layer_1~MTG_L1_pos","4"
"C14_BCH3_1NeuNP_H200.1025_MTG_Layer_1~MTG_L1_pos","3"
"C15_1_Nuclei_NeuNP_H200_1030_MTG_layer1_BCH5~MTG_L1_pos","5"
"C15_1_Nuclei_NeuNP_H200_1030_MTG_layer1_BCH6~MTG_L1_pos","5"
"C15_1_Nuclei_NeuNP_H200_1030_MTG_layer1_BCH7~MTG_L1_pos","5"
"C15_BCH1_1NeuNP_H200.1030_MTG_layer_1~MTG_L1_pos","4"
"C15_BCH3_1NeuNP_H200.1025_MTG_Layer_1~MTG_L1_pos","7"
"C16_1_Nuclei_NeuNP_H200_1030_MTG_layer1_BCH5~MTG_L1_pos","4"
"C16_1_Nuclei_NeuNP_H200_1030_MTG_layer1_BCH6~MTG_L1_pos","2"
"C16_1_Nuclei_NeuNP_H200_1030_MTG_layer1_BCH7~MTG_L1_pos","5"
"C16_BCH1_1NeuNP_H200.1030_MTG_layer_1~MTG_L1_pos","4"
"C16_BCH3_1NeuNP_H200.1025_MTG_Layer_1~MTG_L1_pos","5"
"C17_1_Nuclei_NeuNP_H200_1030_MTG_layer1_BCH5~MTG_L1_pos","5"
"C17_1_Nuclei_NeuNP_H200_1030_MTG_layer1_BCH7~MTG_L1_pos","5"
"C17_BCH1_1NeuNP_H200.1030_MTG_layer_1~MTG_L1_pos","3"
"C17_BCH3_1NeuNP_H200.1025_MTG_Layer_1~MTG_L1_pos","3"
"C18_1_Nuclei_NeuNP_H200_1030_MTG_layer1_BCH5~MTG_L1_pos","4"
"C18_1_Nuclei_NeuNP_H200_1030_MTG_layer1_BCH6~MTG_L1_pos","3"
"C18_1_Nuclei_NeuNP_H200_1030_MTG_layer1_BCH7~MTG_L1_pos","2"
"C18_BCH1_1NeuNP_H200.1030_MTG_layer_1~MTG_L1_pos","4"
"C18_BCH3_1NeuNP_H200.1025_MTG_Layer_1~MTG_L1_pos","4"
"C19_1_Nuclei_NeuNP_H200_1030_MTG_layer1_BCH5~MTG_L1_pos","4"
"C19_1_Nuclei_NeuNP_H200_1030_MTG_layer1_BCH6~MTG_L1_pos","4"
"C19_1_Nuclei_NeuNP_H200_1030_MTG_layer1_BCH7~MTG_L1_pos","5"
"C20_1_Nuclei_NeuNP_H200_1030_MTG_layer1_BCH5~MTG_L1_pos","3"
"C20_1_Nuclei_NeuNP_H200_1030_MTG_layer1_BCH6~MTG_L1_pos","5"
"C20_1_Nuclei_NeuNP_H200_1030_MTG_layer1_BCH7~MTG_L1_pos","4"
"C20_BCH1_1NeuNP_H200.1030_MTG_layer_1~MTG_L1_pos","5"
"C21_1_Nuclei_NeuNP_H200_1030_MTG_layer1_BCH5~MTG_L1_pos","5"
"C21_1_Nuclei_NeuNP_H200_1030_MTG_layer1_BCH7~MTG_L1_pos","4"
"C21_BCH1_1NeuNP_H200.1030_MTG_layer_1~MTG_L1_pos","4"
"C21_BCH3_1NeuNP_H200.1025_MTG_Layer_1~MTG_L1_pos","4"
"C22_1_Nuclei_NeuNP_H200_1030_MTG_layer1_BCH5~MTG_L1_pos","4"
"C22_1_Nuclei_NeuNP_H200_1030_MTG_layer1_BCH6~MTG_L1_pos","3"
"C22_1_Nuclei_NeuNP_H200_1030_MTG_layer1_BCH7~MTG_L1_pos","4"
"C22_BCH1_1NeuNP_H200.1030_MTG_layer_1~MTG_L1_pos","2"
"C22_BCH3_1NeuNP_H200.1025_MTG_Layer_1~MTG_L1_pos","5"
"C23_1_Nuclei_NeuNP_H200_1030_MTG_layer1_BCH5~MTG_L1_pos","5"
"C23_1_Nuclei_NeuNP_H200_1030_MTG_layer1_BCH6~MTG_L1_pos","4"
"C23_1_Nuclei_NeuNP_H200_1030_MTG_layer1_BCH7~MTG_L1_pos","4"
"C23_BCH1_1NeuNP_H200.1030_MTG_layer_1~MTG_L1_pos","2"
"C24_1_Nuclei_NeuNP_H200_1030_MTG_layer1_BCH5~MTG_L1_pos","5"
"C24_1_Nuclei_NeuNP_H200_1030_MTG_layer1_BCH7~MTG_L1_pos","6"
"C24_BCH1_1NeuNP_H200.1030_MTG_layer_1~MTG_L1_pos","5"
"C24_BCH3_1NeuNP_H200.1025_MTG_Layer_1~MTG_L1_pos","5"
"D01_1_Nuclei_NeuNP_H200_1025_MTG_layer1_BCH7~MTG_L1_pos","2"
"D01_BCH1_1NeuNP_H200.1025_MTG_layer_1~MTG_L1_pos","2"
"D02_1_Nuclei_NeuNP_H200_1025_MTG_layer1_BCH6~MTG_L1_pos","5"
"D02_1_Nuclei_NeuNP_H200_1025_MTG_layer1_BCH7~MTG_L1_pos","4"
"D02_1_Nuclei_NeuNP_H200_1025_MTG_layer1_BCH9~MTG_L1_pos","4"
"D02_1_Nuclei_NeuNP_H200_1030_MTG_layer1_BCH8~MTG_L1_pos","5"
"D02_BCH1_1NeuNP_H200.1025_MTG_layer_1~MTG_L1_pos","5"
"D03_1_Nuclei_NeuNP_H200_1025_MTG_layer1_BCH6~MTG_L1_pos","3"
"D03_1_Nuclei_NeuNP_H200_1025_MTG_layer1_BCH7~MTG_L1_pos","4"
"D03_1_Nuclei_NeuNP_H200_1025_MTG_layer1_BCH9~MTG_L1_pos","5"
"D03_1_Nuclei_NeuNP_H200_1030_MTG_layer1_BCH8~MTG_L1_pos","4"
"D03_BCH1_1NeuNP_H200.1025_MTG_layer_1~MTG_L1_pos","4"
"D04_1_Nuclei_NeuNP_H200_1025_MTG_layer1_BCH6~MTG_L1_pos","4"
"D04_1_Nuclei_NeuNP_H200_1025_MTG_layer1_BCH7~MTG_L1_pos","5"
"D04_1_Nuclei_NeuNP_H200_1025_MTG_layer1_BCH9~MTG_L1_pos","5"
"D04_1_Nuclei_NeuNP_H200_1030_MTG_layer1_BCH8~MTG_L1_pos","5"
"D04_BCH1_1NeuNP_H200.1025_MTG_layer_1~MTG_L1_pos","5"
"D05_1_Nuclei_NeuNP_H200_1025_MTG_layer1_BCH6~MTG_L1_pos","4"
"D05_1_Nuclei_NeuNP_H200_1025_MTG_layer1_BCH7~MTG_L1_pos","5"
"D05_1_Nuclei_NeuNP_H200_1025_MTG_layer1_BCH9~MTG_L1_pos","5"
"D05_1_Nuclei_NeuNP_H200_1030_MTG_layer1_BCH8~MTG_L1_pos","5"
"D05_BCH1_1NeuNP_H200.1025_MTG_layer_1~MTG_L1_pos","4"
"D06_1_Nuclei_NeuNP_H200_1025_MTG_layer1_BCH6~MTG_L1_pos","3"
"D06_1_Nuclei_NeuNP_H200_1025_MTG_layer1_BCH7~MTG_L1_pos","2"
"D06_1_Nuclei_NeuNP_H200_1025_MTG_layer1_BCH9~MTG_L1_pos","4"
"D06_1_Nuclei_NeuNP_H200_1030_MTG_layer1_BCH8~MTG_L1_pos","4"
"D07_1_Nuclei_NeuNP_H200_1025_MTG_layer1_BCH9~MTG_L1_pos","4"
"D07_1_Nuclei_NeuNP_H200_1030_MTG_layer1_BCH8~MTG_L1_pos","5"
"D07_BCH1_1NeuNP_H200.1025_MTG_layer_1~MTG_L1_pos","5"
"D08_1_Nuclei_NeuNP_H200_1025_MTG_layer1_BCH6~MTG_L1_pos","4"
"D08_1_Nuclei_NeuNP_H200_1025_MTG_layer1_BCH7~MTG_L1_pos","5"
"D08_1_Nuclei_NeuNP_H200_1025_MTG_layer1_BCH9~MTG_L1_pos","5"
"D08_1_Nuclei_NeuNP_H200_1030_MTG_layer1_BCH8~MTG_L1_pos","3"
"D08_BCH1_1NeuNP_H200.1025_MTG_layer_1~MTG_L1_pos","5"
"D09_1_Nuclei_NeuNP_H200_1025_MTG_layer1_BCH6~MTG_L1_pos","5"
"D09_1_Nuclei_NeuNP_H200_1025_MTG_layer1_BCH7~MTG_L1_pos","5"
"D09_1_Nuclei_NeuNP_H200_1025_MTG_layer1_BCH9~MTG_L1_pos","2"
"D09_1_Nuclei_NeuNP_H200_1030_MTG_layer1_BCH8~MTG_L1_pos","4"
"D09_BCH1_1NeuNP_H200.1025_MTG_layer_1~MTG_L1_pos","5"
"D10_1_Nuclei_NeuNP_H200_1025_MTG_layer1_BCH6~MTG_L1_pos","4"
"D10_1_Nuclei_NeuNP_H200_1025_MTG_layer1_BCH7~MTG_L1_pos","5"
"D10_1_Nuclei_NeuNP_H200_1030_MTG_layer1_BCH8~MTG_L1_pos","5"
"D10_BCH1_1NeuNP_H200.1025_MTG_layer_1~MTG_L1_pos","5"
"D11_1_Nuclei_NeuNP_H200_1025_MTG_layer1_BCH6~MTG_L1_pos","4"
"D11_1_Nuclei_NeuNP_H200_1025_MTG_layer1_BCH7~MTG_L1_pos","4"
"D11_1_Nuclei_NeuNP_H200_1025_MTG_layer1_BCH9~MTG_L1_pos","5"
"D11_1_Nuclei_NeuNP_H200_1030_MTG_layer1_BCH8~MTG_L1_pos","4"
"D11_BCH1_1NeuNP_H200.1025_MTG_layer_1~MTG_L1_pos","3"
"D12_1_Nuclei_NeuNP_H200_1025_MTG_layer1_BCH6~MTG_L1_pos","3"
"D12_1_Nuclei_NeuNP_H200_1025_MTG_layer1_BCH7~MTG_L1_pos","5"
"D12_1_Nuclei_NeuNP_H200_1025_MTG_layer1_BCH9~MTG_L1_pos","2"
"D12_1_Nuclei_NeuNP_H200_1030_MTG_layer1_BCH8~MTG_L1_pos","5"
"D12_BCH1_1NeuNP_H200.1025_MTG_layer_1~MTG_L1_pos","3"
"E01_1_Nuclei_NeuNP_H200_1025_MTG_layer1_BCH9~MTG_L1_pos","3"
"E01_BCH1_1NeuNP_H200.1025_MTG_layer_1~MTG_L1_pos","5"
"E01_BCH3_1NeuNP_H200.1030_MTG_Layer_1~MTG_L1_pos","2"
"E02_1_Nuclei_NeuNP_H200_1025_MTG_layer1_BCH9~MTG_L1_pos","4"
"E02_BCH1_1NeuNP_H200.1025_MTG_layer_1~MTG_L1_pos","7"
"E03_BCH1_1NeuNP_H200.1025_MTG_layer_1~MTG_L1_pos","5"
"E03_BCH3_1NeuNP_H200.1030_MTG_Layer_1~MTG_L1_pos","3"
"E04_1_Nuclei_NeuNP_H200_1025_MTG_layer1_BCH9~MTG_L1_pos","4"
"E04_BCH1_1NeuNP_H200.1025_MTG_layer_1~MTG_L1_pos","2"
"E04_BCH3_1NeuNP_H200.1030_MTG_Layer_1~MTG_L1_pos","4"
"E05_BCH1_1NeuNP_H200.1025_MTG_layer_1~MTG_L1_pos","5"
"E05_BCH3_1NeuNP_H200.1030_MTG_Layer_1~MTG_L1_pos","4"
"E06_1_Nuclei_NeuNP_H200_1025_MTG_layer1_BCH9~MTG_L1_pos","2"
"E06_BCH1_1NeuNP_H200.1025_MTG_layer_1~MTG_L1_pos","2"
"E07_1_Nuclei_NeuNP_H200_1025_MTG_layer1_BCH9~MTG_L1_pos","4"
"E07_BCH1_1NeuNP_H200.1025_MTG_layer_1~MTG_L1_pos","4"
"E07_BCH3_1NeuNP_H200.1030_MTG_Layer_1~MTG_L1_pos","5"
"E08_1_Nuclei_NeuNP_H200_1025_MTG_layer1_BCH9~MTG_L1_pos","2"
"E09_1_Nuclei_NeuNP_H200_1025_MTG_layer1_BCH9~MTG_L1_pos","4"
"E11_1_Nuclei_NeuNP_H200_1025_MTG_layer1_BCH9~MTG_L1_pos","2"
"E12_1_Nuclei_NeuNP_H200_1025_MTG_layer1_BCH9~MTG_L1_pos","4"
"E13_1_Nuclei_NeuNP_H200_1030_MTG_layer1_BCH5~MTG_L1_pos","3"
"E13_1_Nuclei_NeuNP_H200_1030_MTG_layer1_BCH6~MTG_L1_pos","3"
"E13_1_Nuclei_NeuNP_H200_1030_MTG_layer1_BCH7~MTG_L1_pos","2"
"E13_BCH1_1NeuNP_H200.1030_MTG_layer_1~MTG_L1_pos","4"
"E13_BCH3_1NeuNP_H200.1025_MTG_Layer_1~MTG_L1_pos","4"
"E14_1_Nuclei_NeuNP_H200_1030_MTG_layer1_BCH5~MTG_L1_pos","4"
"E14_1_Nuclei_NeuNP_H200_1030_MTG_layer1_BCH6~MTG_L1_pos","4"
"E14_BCH1_1NeuNP_H200.1030_MTG_layer_1~MTG_L1_pos","2"
"E14_BCH3_1NeuNP_H200.1025_MTG_Layer_1~MTG_L1_pos","5"
"E15_1_Nuclei_NeuNP_H200_1030_MTG_layer1_BCH5~MTG_L1_pos","2"
"E15_1_Nuclei_NeuNP_H200_1030_MTG_layer1_BCH6~MTG_L1_pos","5"
"E15_1_Nuclei_NeuNP_H200_1030_MTG_layer1_BCH7~MTG_L1_pos","5"
"E15_BCH1_1NeuNP_H200.1030_MTG_layer_1~MTG_L1_pos","4"
"E16_1_Nuclei_NeuNP_H200_1030_MTG_layer1_BCH5~MTG_L1_pos","3"
"E16_1_Nuclei_NeuNP_H200_1030_MTG_layer1_BCH6~MTG_L1_pos","4"
"E16_1_Nuclei_NeuNP_H200_1030_MTG_layer1_BCH7~MTG_L1_pos","4"
"E16_BCH3_1NeuNP_H200.1025_MTG_Layer_1~MTG_L1_pos","4"
"E17_1_Nuclei_NeuNP_H200_1030_MTG_layer1_BCH5~MTG_L1_pos","4"
"E17_1_Nuclei_NeuNP_H200_1030_MTG_layer1_BCH6~MTG_L1_pos","4"
"E17_1_Nuclei_NeuNP_H200_1030_MTG_layer1_BCH7~MTG_L1_pos","5"
"E17_BCH1_1NeuNP_H200.1030_MTG_layer_1~MTG_L1_pos","5"
"E17_BCH3_1NeuNP_H200.1025_MTG_Layer_1~MTG_L1_pos","3"
"E18_1_Nuclei_NeuNP_H200_1030_MTG_layer1_BCH5~MTG_L1_pos","3"
"E18_1_Nuclei_NeuNP_H200_1030_MTG_layer1_BCH6~MTG_L1_pos","3"
"E18_1_Nuclei_NeuNP_H200_1030_MTG_layer1_BCH7~MTG_L1_pos","4"
"E18_BCH1_1NeuNP_H200.1030_MTG_layer_1~MTG_L1_pos","5"
"E18_BCH3_1NeuNP_H200.1025_MTG_Layer_1~MTG_L1_pos","4"
"E19_1_Nuclei_NeuNP_H200_1030_MTG_layer1_BCH5~MTG_L1_pos","5"
"E19_1_Nuclei_NeuNP_H200_1030_MTG_layer1_BCH6~MTG_L1_pos","4"
"E19_1_Nuclei_NeuNP_H200_1030_MTG_layer1_BCH7~MTG_L1_pos","4"
"E19_BCH1_1NeuNP_H200.1030_MTG_layer_1~MTG_L1_pos","4"
"E19_BCH3_1NeuNP_H200.1025_MTG_Layer_1~MTG_L1_pos","4"
"E20_1_Nuclei_NeuNP_H200_1030_MTG_layer1_BCH5~MTG_L1_pos","4"
"E20_1_Nuclei_NeuNP_H200_1030_MTG_layer1_BCH6~MTG_L1_pos","4"
"E20_BCH1_1NeuNP_H200.1030_MTG_layer_1~MTG_L1_pos","4"
"E20_BCH3_1NeuNP_H200.1025_MTG_Layer_1~MTG_L1_pos","3"
"E21_1_Nuclei_NeuNP_H200_1030_MTG_layer1_BCH5~MTG_L1_pos","3"
"E21_1_Nuclei_NeuNP_H200_1030_MTG_layer1_BCH6~MTG_L1_pos","4"
"E21_1_Nuclei_NeuNP_H200_1030_MTG_layer1_BCH7~MTG_L1_pos","3"
"E22_1_Nuclei_NeuNP_H200_1030_MTG_layer1_BCH5~MTG_L1_pos","4"
"E22_1_Nuclei_NeuNP_H200_1030_MTG_layer1_BCH6~MTG_L1_pos","3"
"E22_1_Nuclei_NeuNP_H200_1030_MTG_layer1_BCH7~MTG_L1_pos","2"
"E22_BCH1_1NeuNP_H200.1030_MTG_layer_1~MTG_L1_pos","4"
"E22_BCH3_1NeuNP_H200.1025_MTG_Layer_1~MTG_L1_pos","4"
"E23_1_Nuclei_NeuNP_H200_1030_MTG_layer1_BCH5~MTG_L1_pos","4"
"E23_1_Nuclei_NeuNP_H200_1030_MTG_layer1_BCH6~MTG_L1_pos","5"
"E23_1_Nuclei_NeuNP_H200_1030_MTG_layer1_BCH7~MTG_L1_pos","2"
"E23_BCH1_1NeuNP_H200.1030_MTG_layer_1~MTG_L1_pos","7"
"E23_BCH3_1NeuNP_H200.1025_MTG_Layer_1~MTG_L1_pos","4"
"E24_1_Nuclei_NeuNP_H200_1030_MTG_layer1_BCH6~MTG_L1_pos","4"
"E24_1_Nuclei_NeuNP_H200_1030_MTG_layer1_BCH7~MTG_L1_pos","4"
"E24_BCH1_1NeuNP_H200.1030_MTG_layer_1~MTG_L1_pos","5"
"F01_1_Nuclei_NeuNP_H200_1025_MTG_layer1_BCH6~MTG_L1_pos","5"
"F01_1_Nuclei_NeuNP_H200_1025_MTG_layer1_BCH7~MTG_L1_pos","4"
"F01_1_Nuclei_NeuNP_H200_1025_MTG_layer1_BCH9~MTG_L1_pos","5"
"F01_1_Nuclei_NeuNP_H200_1030_MTG_layer1_BCH8~MTG_L1_pos","4"
"F01_BCH1_1NeuNP_H200.1025_MTG_layer_1~MTG_L1_pos","4"
"F02_1_Nuclei_NeuNP_H200_1025_MTG_layer1_BCH7~MTG_L1_pos","5"
"F02_BCH1_1NeuNP_H200.1025_MTG_layer_1~MTG_L1_pos","3"
"F03_1_Nuclei_NeuNP_H200_1025_MTG_layer1_BCH6~MTG_L1_pos","4"
"F03_1_Nuclei_NeuNP_H200_1025_MTG_layer1_BCH7~MTG_L1_pos","5"
"F03_1_Nuclei_NeuNP_H200_1025_MTG_layer1_BCH9~MTG_L1_pos","5"
"F03_1_Nuclei_NeuNP_H200_1030_MTG_layer1_BCH8~MTG_L1_pos","4"
"F03_BCH1_1NeuNP_H200.1025_MTG_layer_1~MTG_L1_pos","4"
"F04_1_Nuclei_NeuNP_H200_1025_MTG_layer1_BCH9~MTG_L1_pos","4"
"F04_1_Nuclei_NeuNP_H200_1030_MTG_layer1_BCH8~MTG_L1_pos","5"
"F04_BCH1_1NeuNP_H200.1025_MTG_layer_1~MTG_L1_pos","4"
"F05_1_Nuclei_NeuNP_H200_1025_MTG_layer1_BCH7~MTG_L1_pos","5"
"F05_1_Nuclei_NeuNP_H200_1025_MTG_layer1_BCH9~MTG_L1_pos","5"
"F05_1_Nuclei_NeuNP_H200_1030_MTG_layer1_BCH8~MTG_L1_pos","5"
"F05_BCH1_1NeuNP_H200.1025_MTG_layer_1~MTG_L1_pos","5"
"F06_1_Nuclei_NeuNP_H200_1025_MTG_layer1_BCH7~MTG_L1_pos","4"
"F06_1_Nuclei_NeuNP_H200_1025_MTG_layer1_BCH9~MTG_L1_pos","5"
"F06_BCH1_1NeuNP_H200.1025_MTG_layer_1~MTG_L1_pos","5"
"F07_1_Nuclei_NeuNP_H200_1025_MTG_layer1_BCH7~MTG_L1_pos","5"
"F07_1_Nuclei_NeuNP_H200_1025_MTG_layer1_BCH9~MTG_L1_pos","5"
"F07_1_Nuclei_NeuNP_H200_1030_MTG_layer1_BCH8~MTG_L1_pos","5"
"F07_BCH1_1NeuNP_H200.1025_MTG_layer_1~MTG_L1_pos","4"
"F08_1_Nuclei_NeuNP_H200_1025_MTG_layer1_BCH6~MTG_L1_pos","4"
"F08_BCH1_1NeuNP_H200.1025_MTG_layer_1~MTG_L1_pos","3"
"F09_1_Nuclei_NeuNP_H200_1025_MTG_layer1_BCH6~MTG_L1_pos","4"
"F09_1_Nuclei_NeuNP_H200_1025_MTG_layer1_BCH7~MTG_L1_pos","4"
"F09_1_Nuclei_NeuNP_H200_1025_MTG_layer1_BCH9~MTG_L1_pos","4"
"F09_1_Nuclei_NeuNP_H200_1030_MTG_layer1_BCH8~MTG_L1_pos","4"
"F09_BCH1_1NeuNP_H200.1025_MTG_layer_1~MTG_L1_pos","3"
"F10_1_Nuclei_NeuNP_H200_1025_MTG_layer1_BCH6~MTG_L1_pos","3"
"F10_1_Nuclei_NeuNP_H200_1025_MTG_layer1_BCH7~MTG_L1_pos","5"
"F10_1_Nuclei_NeuNP_H200_1025_MTG_layer1_BCH9~MTG_L1_pos","3"
"F10_1_Nuclei_NeuNP_H200_1030_MTG_layer1_BCH8~MTG_L1_pos","5"
"F11_1_Nuclei_NeuNP_H200_1025_MTG_layer1_BCH6~MTG_L1_pos","4"
"F11_1_Nuclei_NeuNP_H200_1025_MTG_layer1_BCH7~MTG_L1_pos","4"
"F11_1_Nuclei_NeuNP_H200_1025_MTG_layer1_BCH9~MTG_L1_pos","5"
"F11_1_Nuclei_NeuNP_H200_1030_MTG_layer1_BCH8~MTG_L1_pos","4"
"F11_BCH1_1NeuNP_H200.1025_MTG_layer_1~MTG_L1_pos","3"
"F12_1_Nuclei_NeuNP_H200_1025_MTG_layer1_BCH6~MTG_L1_pos","5"
"F12_1_Nuclei_NeuNP_H200_1025_MTG_layer1_BCH7~MTG_L1_pos","3"
"F12_1_Nuclei_NeuNP_H200_1025_MTG_layer1_BCH9~MTG_L1_pos","5"
"F12_1_Nuclei_NeuNP_H200_1030_MTG_layer1_BCH8~MTG_L1_pos","4"
"F12_BCH1_1NeuNP_H200.1025_MTG_layer_1~MTG_L1_pos","5"
"G01_1_Nuclei_NeuNP_H200_1025_MTG_layer1_BCH9~MTG_L1_pos","4"
"G01_BCH1_1NeuNN_H200.1025_MTG_layer_1~MTG_L1_neg","8"
"G01_BCH3_1NeuNN_H200.1030_MTG_Layer_1~MTG_L1_neg","8"
"G03_1_Nuclei_NeuNP_H200_1025_MTG_layer1_BCH9~MTG_L1_pos","3"
"G03_BCH3_1NeuNN_H200.1030_MTG_Layer_1~MTG_L1_neg","8"
"G04_BCH1_1NeuNN_H200.1025_MTG_layer_1~MTG_L1_neg","9"
"G05_1_Nuclei_NeuNP_H200_1025_MTG_layer1_BCH9~MTG_L1_pos","5"
"G05_BCH3_1NeuNN_H200.1030_MTG_Layer_1~MTG_L1_neg","8"
"G06_1_Nuclei_NeuNP_H200_1025_MTG_layer1_BCH9~MTG_L1_pos","4"
"G06_BCH1_1NeuNN_H200.1025_MTG_layer_1~MTG_L1_neg","6"
"G06_BCH3_1NeuNN_H200.1030_MTG_Layer_1~MTG_L1_neg","7"
"G07_1_Nuclei_NeuNP_H200_1025_MTG_layer1_BCH9~MTG_L1_pos","4"
"G07_BCH3_1NeuNN_H200.1030_MTG_Layer_1~MTG_L1_neg","8"
"G08_1_Nuclei_NeuNP_H200_1025_MTG_layer1_BCH9~MTG_L1_pos","2"
"G09_1_Nuclei_NeuNP_H200_1025_MTG_layer1_BCH9~MTG_L1_pos","3"
"G10_1_Nuclei_NeuNP_H200_1025_MTG_layer1_BCH9~MTG_L1_pos","3"
"G11_1_Nuclei_NeuNP_H200_1025_MTG_layer1_BCH9~MTG_L1_pos","5"
"G12_1_Nuclei_NeuNP_H200_1025_MTG_layer1_BCH9~MTG_L1_pos","4"
"G13_1_Nuclei_NeuNP_H200_1030_MTG_layer1_BCH5~MTG_L1_pos","2"
"G13_1_Nuclei_NeuNP_H200_1030_MTG_layer1_BCH6~MTG_L1_pos","4"
"G13_1_Nuclei_NeuNP_H200_1030_MTG_layer1_BCH7~MTG_L1_pos","2"
"G13_BCH1_1NeuNP_H200.1030_MTG_layer_1~MTG_L1_pos","5"
"G13_BCH3_1NeuNP_H200.1025_MTG_Layer_1~MTG_L1_pos","4"
"G14_1_Nuclei_NeuNP_H200_1030_MTG_layer1_BCH5~MTG_L1_pos","4"
"G14_1_Nuclei_NeuNP_H200_1030_MTG_layer1_BCH7~MTG_L1_pos","5"
"G14_BCH1_1NeuNP_H200.1030_MTG_layer_1~MTG_L1_pos","5"
"G14_BCH3_1NeuNP_H200.1025_MTG_Layer_1~MTG_L1_pos","4"
"G15_1_Nuclei_NeuNP_H200_1030_MTG_layer1_BCH5~MTG_L1_pos","4"
"G15_1_Nuclei_NeuNP_H200_1030_MTG_layer1_BCH6~MTG_L1_pos","4"
"G15_1_Nuclei_NeuNP_H200_1030_MTG_layer1_BCH7~MTG_L1_pos","4"
"G15_BCH1_1NeuNP_H200.1030_MTG_layer_1~MTG_L1_pos","5"
"G15_BCH3_1NeuNP_H200.1025_MTG_Layer_1~MTG_L1_pos","4"
"G16_1_Nuclei_NeuNP_H200_1030_MTG_layer1_BCH5~MTG_L1_pos","5"
"G16_1_Nuclei_NeuNP_H200_1030_MTG_layer1_BCH7~MTG_L1_pos","4"
"G16_BCH1_1NeuNP_H200.1030_MTG_layer_1~MTG_L1_pos","5"
"G16_BCH3_1NeuNP_H200.1025_MTG_Layer_1~MTG_L1_pos","2"
"G17_1_Nuclei_NeuNP_H200_1030_MTG_layer1_BCH7~MTG_L1_pos","5"
"G17_BCH1_1NeuNP_H200.1030_MTG_layer_1~MTG_L1_pos","5"
"G17_BCH3_1NeuNP_H200.1025_MTG_Layer_1~MTG_L1_pos","3"
"G18_1_Nuclei_NeuNP_H200_1030_MTG_layer1_BCH5~MTG_L1_pos","5"
"G18_1_Nuclei_NeuNP_H200_1030_MTG_layer1_BCH6~MTG_L1_pos","4"
"G18_1_Nuclei_NeuNP_H200_1030_MTG_layer1_BCH7~MTG_L1_pos","5"
"G18_BCH1_1NeuNP_H200.1030_MTG_layer_1~MTG_L1_pos","5"
"G18_BCH3_1NeuNP_H200.1025_MTG_Layer_1~MTG_L1_pos","4"
"G19_1_Nuclei_NeuNP_H200_1030_MTG_layer1_BCH5~MTG_L1_pos","4"
"G19_1_Nuclei_NeuNP_H200_1030_MTG_layer1_BCH7~MTG_L1_pos","4"
"G19_BCH1_1NeuNP_H200.1030_MTG_layer_1~MTG_L1_pos","3"
"G19_BCH3_1NeuNP_H200.1025_MTG_Layer_1~MTG_L1_pos","5"
"G20_1_Nuclei_NeuNP_H200_1030_MTG_layer1_BCH6~MTG_L1_pos","5"
"G20_1_Nuclei_NeuNP_H200_1030_MTG_layer1_BCH7~MTG_L1_pos","7"
"G20_BCH1_1NeuNP_H200.1030_MTG_layer_1~MTG_L1_pos","4"
"G20_BCH3_1NeuNP_H200.1025_MTG_Layer_1~MTG_L1_pos","3"
"G21_1_Nuclei_NeuNP_H200_1030_MTG_layer1_BCH5~MTG_L1_pos","5"
"G21_1_Nuclei_NeuNP_H200_1030_MTG_layer1_BCH6~MTG_L1_pos","3"
"G21_BCH1_1NeuNP_H200.1030_MTG_layer_1~MTG_L1_pos","5"
"G22_1_Nuclei_NeuNP_H200_1030_MTG_layer1_BCH5~MTG_L1_pos","3"
"G22_1_Nuclei_NeuNP_H200_1030_MTG_layer1_BCH6~MTG_L1_pos","5"
"G22_1_Nuclei_NeuNP_H200_1030_MTG_layer1_BCH7~MTG_L1_pos","4"
"G22_BCH3_1NeuNP_H200.1025_MTG_Layer_1~MTG_L1_pos","4"
"G23_1_Nuclei_NeuNP_H200_1030_MTG_layer1_BCH5~MTG_L1_pos","4"
"G23_1_Nuclei_NeuNP_H200_1030_MTG_layer1_BCH6~MTG_L1_pos","4"
"G23_1_Nuclei_NeuNP_H200_1030_MTG_layer1_BCH7~MTG_L1_pos","6"
"G23_BCH1_1NeuNP_H200.1030_MTG_layer_1~MTG_L1_pos","4"
"G23_BCH3_1NeuNP_H200.1025_MTG_Layer_1~MTG_L1_pos","5"
"G24_1_Nuclei_NeuNP_H200_1030_MTG_layer1_BCH5~MTG_L1_pos","2"
"G24_1_Nuclei_NeuNP_H200_1030_MTG_layer1_BCH7~MTG_L1_pos","4"
"G24_BCH3_1NeuNP_H200.1025_MTG_Layer_1~MTG_L1_pos","4"
"H01_1_Nuclei_NeuNP_H200_1025_MTG_layer1_BCH6~MTG_L1_pos","2"
"H01_1_Nuclei_NeuNP_H200_1025_MTG_layer1_BCH7~MTG_L1_pos","4"
"H01_1_Nuclei_NeuNP_H200_1025_MTG_layer1_BCH9~MTG_L1_pos","4"
"H01_1_Nuclei_NeuNP_H200_1030_MTG_layer1_BCH8~MTG_L1_pos","4"
"H01_BCH1_1NeuNP_H200.1025_MTG_layer_1~MTG_L1_pos","5"
"H02_1_Nuclei_NeuNP_H200_1025_MTG_layer1_BCH6~MTG_L1_pos","4"
"H02_1_Nuclei_NeuNP_H200_1025_MTG_layer1_BCH9~MTG_L1_pos","4"
"H02_1_Nuclei_NeuNP_H200_1030_MTG_layer1_BCH8~MTG_L1_pos","3"
"H02_BCH1_1NeuNP_H200.1025_MTG_layer_1~MTG_L1_pos","5"
"H03_1_Nuclei_NeuNP_H200_1025_MTG_layer1_BCH6~MTG_L1_pos","2"
"H03_1_Nuclei_NeuNP_H200_1030_MTG_layer1_BCH8~MTG_L1_pos","2"
"H03_BCH1_1NeuNP_H200.1025_MTG_layer_1~MTG_L1_pos","4"
"H04_1_Nuclei_NeuNP_H200_1025_MTG_layer1_BCH6~MTG_L1_pos","5"
"H04_1_Nuclei_NeuNP_H200_1025_MTG_layer1_BCH7~MTG_L1_pos","3"
"H04_1_Nuclei_NeuNP_H200_1025_MTG_layer1_BCH9~MTG_L1_pos","4"
"H04_1_Nuclei_NeuNP_H200_1030_MTG_layer1_BCH8~MTG_L1_pos","4"
"H04_BCH1_1NeuNP_H200.1025_MTG_layer_1~MTG_L1_pos","3"
"H05_1_Nuclei_NeuNP_H200_1025_MTG_layer1_BCH7~MTG_L1_pos","4"
"H05_1_Nuclei_NeuNP_H200_1025_MTG_layer1_BCH9~MTG_L1_pos","4"
"H05_1_Nuclei_NeuNP_H200_1030_MTG_layer1_BCH8~MTG_L1_pos","5"
"H05_BCH1_1NeuNP_H200.1025_MTG_layer_1~MTG_L1_pos","3"
"H06_1_Nuclei_NeuNP_H200_1025_MTG_layer1_BCH6~MTG_L1_pos","4"
"H06_1_Nuclei_NeuNP_H200_1025_MTG_layer1_BCH7~MTG_L1_pos","3"
"H06_1_Nuclei_NeuNP_H200_1025_MTG_layer1_BCH9~MTG_L1_pos","3"
"H06_1_Nuclei_NeuNP_H200_1030_MTG_layer1_BCH8~MTG_L1_pos","5"
"H07_1_Nuclei_NeuNP_H200_1025_MTG_layer1_BCH9~MTG_L1_pos","4"
"H07_1_Nuclei_NeuNP_H200_1030_MTG_layer1_BCH8~MTG_L1_pos","5"
"H07_BCH1_1NeuNP_H200.1025_MTG_layer_1~MTG_L1_pos","4"
"H08_1_Nuclei_NeuNP_H200_1025_MTG_layer1_BCH6~MTG_L1_pos","3"
"H08_1_Nuclei_NeuNP_H200_1025_MTG_layer1_BCH7~MTG_L1_pos","4"
"H08_1_Nuclei_NeuNP_H200_1025_MTG_layer1_BCH9~MTG_L1_pos","3"
"H08_1_Nuclei_NeuNP_H200_1030_MTG_layer1_BCH8~MTG_L1_pos","4"
"H08_BCH1_1NeuNP_H200.1025_MTG_layer_1~MTG_L1_pos","5"
"H09_1_Nuclei_NeuNP_H200_1025_MTG_layer1_BCH7~MTG_L1_pos","3"
"H09_1_Nuclei_NeuNP_H200_1025_MTG_layer1_BCH9~MTG_L1_pos","4"
"H09_1_Nuclei_NeuNP_H200_1030_MTG_layer1_BCH8~MTG_L1_pos","4"
"H09_BCH1_1NeuNP_H200.1025_MTG_layer_1~MTG_L1_pos","4"
"H10_1_Nuclei_NeuNP_H200_1025_MTG_layer1_BCH7~MTG_L1_pos","3"
"H10_1_Nuclei_NeuNP_H200_1030_MTG_layer1_BCH8~MTG_L1_pos","4"
"H11_1_Nuclei_NeuNP_H200_1025_MTG_layer1_BCH6~MTG_L1_pos","4"
"H11_1_Nuclei_NeuNP_H200_1025_MTG_layer1_BCH7~MTG_L1_pos","2"
"H11_1_Nuclei_NeuNP_H200_1025_MTG_layer1_BCH9~MTG_L1_pos","5"
"H11_1_Nuclei_NeuNP_H200_1030_MTG_layer1_BCH8~MTG_L1_pos","4"
"H11_BCH1_1NeuNP_H200.1025_MTG_layer_1~MTG_L1_pos","4"
"H12_1_Nuclei_NeuNP_H200_1025_MTG_layer1_BCH6~MTG_L1_pos","3"
"H12_1_Nuclei_NeuNP_H200_1025_MTG_layer1_BCH7~MTG_L1_pos","5"
"H12_1_Nuclei_NeuNP_H200_1025_MTG_layer1_BCH9~MTG_L1_pos","4"
"H12_1_Nuclei_NeuNP_H200_1030_MTG_layer1_BCH8~MTG_L1_pos","4"
"H12_BCH1_1NeuNP_H200.1025_MTG_layer_1~MTG_L1_pos","4"
"I01_1_Nuclei_NeuNP_H200_1025_MTG_layer1_BCH9~MTG_L1_pos","4"
"I01_BCH3_1NeuNP_H200.1030_MTG_Layer_1~MTG_L1_pos","3"
"I02_1_Nuclei_NeuNP_H200_1025_MTG_layer1_BCH9~MTG_L1_pos","4"
"I02_BCH1_1NeuNP_H200.1025_MTG_layer_1~MTG_L1_pos","4"
"I02_BCH3_1NeuNP_H200.1030_MTG_Layer_1~MTG_L1_pos","5"
"I03_1_Nuclei_NeuNP_H200_1025_MTG_layer1_BCH9~MTG_L1_pos","4"
"I03_BCH1_1NeuNP_H200.1025_MTG_layer_1~MTG_L1_pos","4"
"I03_BCH3_1NeuNP_H200.1030_MTG_Layer_1~MTG_L1_pos","3"
"I04_1_Nuclei_NeuNP_H200_1025_MTG_layer1_BCH9~MTG_L1_pos","3"
"I04_BCH1_1NeuNP_H200.1025_MTG_layer_1~MTG_L1_pos","4"
"I04_BCH3_1NeuNP_H200.1030_MTG_Layer_1~MTG_L1_pos","4"
"I05_1_Nuclei_NeuNP_H200_1025_MTG_layer1_BCH9~MTG_L1_pos","4"
"I05_BCH1_1NeuNP_H200.1025_MTG_layer_1~MTG_L1_pos","4"
"I05_BCH3_1NeuNP_H200.1030_MTG_Layer_1~MTG_L1_pos","5"
"I06_1_Nuclei_NeuNP_H200_1025_MTG_layer1_BCH9~MTG_L1_pos","2"
"I06_BCH1_1NeuNP_H200.1025_MTG_layer_1~MTG_L1_pos","4"
"I06_BCH3_1NeuNP_H200.1030_MTG_Layer_1~MTG_L1_pos","4"
"I07_BCH1_1NeuNP_H200.1025_MTG_layer_1~MTG_L1_pos","5"
"I07_BCH3_1NeuNP_H200.1030_MTG_Layer_1~MTG_L1_pos","4"
"I08_BCH1_1NeuNP_H200.1025_MTG_layer_1~MTG_L1_pos","4"
"I10_1_Nuclei_NeuNP_H200_1025_MTG_layer1_BCH9~MTG_L1_pos","2"
"I11_1_Nuclei_NeuNP_H200_1025_MTG_layer1_BCH9~MTG_L1_pos","4"
"I13_1_Nuclei_NeuNP_H200_1030_MTG_layer1_BCH5~MTG_L1_pos","4"
"I13_1_Nuclei_NeuNP_H200_1030_MTG_layer1_BCH6~MTG_L1_pos","4"
"I13_1_Nuclei_NeuNP_H200_1030_MTG_layer1_BCH7~MTG_L1_pos","5"
"I13_BCH1_1NeuNP_H200.1030_MTG_layer_1~MTG_L1_pos","5"
"I13_BCH3_1NeuNP_H200.1025_MTG_Layer_1~MTG_L1_pos","5"
"I14_1_Nuclei_NeuNP_H200_1030_MTG_layer1_BCH5~MTG_L1_pos","3"
"I14_1_Nuclei_NeuNP_H200_1030_MTG_layer1_BCH6~MTG_L1_pos","3"
"I14_1_Nuclei_NeuNP_H200_1030_MTG_layer1_BCH7~MTG_L1_pos","4"
"I14_BCH3_1NeuNP_H200.1025_MTG_Layer_1~MTG_L1_pos","5"
"I15_1_Nuclei_NeuNP_H200_1030_MTG_layer1_BCH5~MTG_L1_pos","5"
"I15_1_Nuclei_NeuNP_H200_1030_MTG_layer1_BCH6~MTG_L1_pos","3"
"I15_1_Nuclei_NeuNP_H200_1030_MTG_layer1_BCH7~MTG_L1_pos","5"
"I15_BCH1_1NeuNP_H200.1030_MTG_layer_1~MTG_L1_pos","3"
"I16_1_Nuclei_NeuNP_H200_1030_MTG_layer1_BCH6~MTG_L1_pos","5"
"I16_1_Nuclei_NeuNP_H200_1030_MTG_layer1_BCH7~MTG_L1_pos","3"
"I16_BCH1_1NeuNP_H200.1030_MTG_layer_1~MTG_L1_pos","5"
"I16_BCH3_1NeuNP_H200.1025_MTG_Layer_1~MTG_L1_pos","3"
"I17_1_Nuclei_NeuNP_H200_1030_MTG_layer1_BCH5~MTG_L1_pos","5"
"I17_1_Nuclei_NeuNP_H200_1030_MTG_layer1_BCH6~MTG_L1_pos","3"
"I17_BCH1_1NeuNP_H200.1030_MTG_layer_1~MTG_L1_pos","3"
"I18_1_Nuclei_NeuNP_H200_1030_MTG_layer1_BCH5~MTG_L1_pos","3"
"I18_1_Nuclei_NeuNP_H200_1030_MTG_layer1_BCH6~MTG_L1_pos","5"
"I18_1_Nuclei_NeuNP_H200_1030_MTG_layer1_BCH7~MTG_L1_pos","3"
"I18_BCH1_1NeuNP_H200.1030_MTG_layer_1~MTG_L1_pos","4"
"I19_1_Nuclei_NeuNP_H200_1030_MTG_layer1_BCH5~MTG_L1_pos","5"
"I19_1_Nuclei_NeuNP_H200_1030_MTG_layer1_BCH6~MTG_L1_pos","5"
"I19_1_Nuclei_NeuNP_H200_1030_MTG_layer1_BCH7~MTG_L1_pos","4"
"I19_BCH1_1NeuNP_H200.1030_MTG_layer_1~MTG_L1_pos","4"
"I20_1_Nuclei_NeuNP_H200_1030_MTG_layer1_BCH5~MTG_L1_pos","5"
"I20_1_Nuclei_NeuNP_H200_1030_MTG_layer1_BCH7~MTG_L1_pos","3"
"I20_BCH1_1NeuNP_H200.1030_MTG_layer_1~MTG_L1_pos","4"
"I21_1_Nuclei_NeuNP_H200_1030_MTG_layer1_BCH6~MTG_L1_pos","5"
"I21_1_Nuclei_NeuNP_H200_1030_MTG_layer1_BCH7~MTG_L1_pos","3"
"I21_BCH1_1NeuNP_H200.1030_MTG_layer_1~MTG_L1_pos","3"
"I22_1_Nuclei_NeuNP_H200_1030_MTG_layer1_BCH5~MTG_L1_pos","5"
"I22_1_Nuclei_NeuNP_H200_1030_MTG_layer1_BCH6~MTG_L1_pos","4"
"I22_BCH1_1NeuNP_H200.1030_MTG_layer_1~MTG_L1_pos","5"
"I22_BCH3_1NeuNP_H200.1025_MTG_Layer_1~MTG_L1_pos","5"
"I23_1_Nuclei_NeuNP_H200_1030_MTG_layer1_BCH6~MTG_L1_pos","4"
"I23_1_Nuclei_NeuNP_H200_1030_MTG_layer1_BCH7~MTG_L1_pos","3"
"I23_BCH1_1NeuNP_H200.1030_MTG_layer_1~MTG_L1_pos","3"
"I23_BCH3_1NeuNP_H200.1025_MTG_Layer_1~MTG_L1_pos","4"
"I24_1_Nuclei_NeuNP_H200_1030_MTG_layer1_BCH5~MTG_L1_pos","5"
"I24_1_Nuclei_NeuNP_H200_1030_MTG_layer1_BCH6~MTG_L1_pos","5"
"I24_BCH1_1NeuNP_H200.1030_MTG_layer_1~MTG_L1_pos","5"
"I24_BCH3_1NeuNP_H200.1025_MTG_Layer_1~MTG_L1_pos","2"
"J01_1_Nuclei_NeuNP_H200_1025_MTG_layer1_BCH6~MTG_L1_pos","4"
"J01_1_Nuclei_NeuNP_H200_1025_MTG_layer1_BCH7~MTG_L1_pos","5"
"J01_1_Nuclei_NeuNP_H200_1025_MTG_layer1_BCH9~MTG_L1_pos","4"
"J02_1_Nuclei_NeuNP_H200_1025_MTG_layer1_BCH6~MTG_L1_pos","2"
"J02_1_Nuclei_NeuNP_H200_1025_MTG_layer1_BCH7~MTG_L1_pos","5"
"J02_1_Nuclei_NeuNP_H200_1025_MTG_layer1_BCH9~MTG_L1_pos","4"
"J02_1_Nuclei_NeuNP_H200_1030_MTG_layer1_BCH8~MTG_L1_pos","3"
"J02_BCH1_1NeuNP_H200.1025_MTG_layer_1~MTG_L1_pos","7"
"J03_1_Nuclei_NeuNP_H200_1025_MTG_layer1_BCH6~MTG_L1_pos","3"
"J03_1_Nuclei_NeuNP_H200_1025_MTG_layer1_BCH7~MTG_L1_pos","2"
"J03_1_Nuclei_NeuNP_H200_1025_MTG_layer1_BCH9~MTG_L1_pos","3"
"J03_1_Nuclei_NeuNP_H200_1030_MTG_layer1_BCH8~MTG_L1_pos","2"
"J03_BCH1_1NeuNP_H200.1025_MTG_layer_1~MTG_L1_pos","4"
"J04_1_Nuclei_NeuNP_H200_1025_MTG_layer1_BCH6~MTG_L1_pos","3"
"J04_1_Nuclei_NeuNP_H200_1025_MTG_layer1_BCH7~MTG_L1_pos","5"
"J04_1_Nuclei_NeuNP_H200_1025_MTG_layer1_BCH9~MTG_L1_pos","5"
"J04_1_Nuclei_NeuNP_H200_1030_MTG_layer1_BCH8~MTG_L1_pos","5"
"J04_BCH1_1NeuNP_H200.1025_MTG_layer_1~MTG_L1_pos","3"
"J05_1_Nuclei_NeuNP_H200_1025_MTG_layer1_BCH6~MTG_L1_pos","3"
"J05_1_Nuclei_NeuNP_H200_1025_MTG_layer1_BCH7~MTG_L1_pos","5"
"J05_1_Nuclei_NeuNP_H200_1025_MTG_layer1_BCH9~MTG_L1_pos","5"
"J05_1_Nuclei_NeuNP_H200_1030_MTG_layer1_BCH8~MTG_L1_pos","4"
"J05_BCH1_1NeuNP_H200.1025_MTG_layer_1~MTG_L1_pos","2"
"J06_1_Nuclei_NeuNP_H200_1025_MTG_layer1_BCH6~MTG_L1_pos","5"
"J06_BCH1_1NeuNP_H200.1025_MTG_layer_1~MTG_L1_pos","4"
"J07_1_Nuclei_NeuNP_H200_1025_MTG_layer1_BCH7~MTG_L1_pos","2"
"J07_1_Nuclei_NeuNP_H200_1025_MTG_layer1_BCH9~MTG_L1_pos","4"
"J07_1_Nuclei_NeuNP_H200_1030_MTG_layer1_BCH8~MTG_L1_pos","5"
"J07_BCH1_1NeuNP_H200.1025_MTG_layer_1~MTG_L1_pos","4"
"J08_1_Nuclei_NeuNP_H200_1025_MTG_layer1_BCH6~MTG_L1_pos","5"
"J08_1_Nuclei_NeuNP_H200_1025_MTG_layer1_BCH7~MTG_L1_pos","5"
"J08_1_Nuclei_NeuNP_H200_1025_MTG_layer1_BCH9~MTG_L1_pos","5"
"J08_1_Nuclei_NeuNP_H200_1030_MTG_layer1_BCH8~MTG_L1_pos","4"
"J09_1_Nuclei_NeuNP_H200_1025_MTG_layer1_BCH6~MTG_L1_pos","4"
"J09_1_Nuclei_NeuNP_H200_1025_MTG_layer1_BCH7~MTG_L1_pos","4"
"J09_1_Nuclei_NeuNP_H200_1025_MTG_layer1_BCH9~MTG_L1_pos","5"
"J09_1_Nuclei_NeuNP_H200_1030_MTG_layer1_BCH8~MTG_L1_pos","10"
"J09_BCH1_1NeuNP_H200.1025_MTG_layer_1~MTG_L1_pos","4"
"J10_1_Nuclei_NeuNP_H200_1025_MTG_layer1_BCH6~MTG_L1_pos","3"
"J10_1_Nuclei_NeuNP_H200_1025_MTG_layer1_BCH7~MTG_L1_pos","5"
"J10_1_Nuclei_NeuNP_H200_1025_MTG_layer1_BCH9~MTG_L1_pos","5"
"J10_1_Nuclei_NeuNP_H200_1030_MTG_layer1_BCH8~MTG_L1_pos","4"
"J10_BCH1_1NeuNP_H200.1025_MTG_layer_1~MTG_L1_pos","4"
"J11_1_Nuclei_NeuNP_H200_1025_MTG_layer1_BCH6~MTG_L1_pos","2"
"J11_1_Nuclei_NeuNP_H200_1025_MTG_layer1_BCH7~MTG_L1_pos","4"
"J11_1_Nuclei_NeuNP_H200_1025_MTG_layer1_BCH9~MTG_L1_pos","4"
"J11_1_Nuclei_NeuNP_H200_1030_MTG_layer1_BCH8~MTG_L1_pos","4"
"J11_BCH1_1NeuNP_H200.1025_MTG_layer_1~MTG_L1_pos","2"
"J12_1_Nuclei_NeuNP_H200_1025_MTG_layer1_BCH6~MTG_L1_pos","4"
"J12_BCH1_1NeuNP_H200.1025_MTG_layer_1~MTG_L1_pos","2"
"K01_BCH1_1NeuNP_H200.1025_MTG_layer_1~MTG_L1_pos","2"
"K02_1_Nuclei_NeuNP_H200_1025_MTG_layer1_BCH9~MTG_L1_pos","4"
"K02_BCH1_1NeuNP_H200.1025_MTG_layer_1~MTG_L1_pos","4"
"K02_BCH3_1NeuNP_H200.1030_MTG_Layer_1~MTG_L1_pos","2"
"K03_1_Nuclei_NeuNP_H200_1025_MTG_layer1_BCH9~MTG_L1_pos","4"
"K03_BCH3_1NeuNP_H200.1030_MTG_Layer_1~MTG_L1_pos","5"
"K04_BCH3_1NeuNP_H200.1030_MTG_Layer_1~MTG_L1_pos","5"
"K05_1_Nuclei_NeuNP_H200_1025_MTG_layer1_BCH9~MTG_L1_pos","2"
"K05_BCH1_1NeuNP_H200.1025_MTG_layer_1~MTG_L1_pos","5"
"K05_BCH3_1NeuNP_H200.1030_MTG_Layer_1~MTG_L1_pos","3"
"K06_1_Nuclei_NeuNP_H200_1025_MTG_layer1_BCH9~MTG_L1_pos","4"
"K06_BCH1_1NeuNP_H200.1025_MTG_layer_1~MTG_L1_pos","5"
"K07_1_Nuclei_NeuNP_H200_1025_MTG_layer1_BCH9~MTG_L1_pos","5"
"K07_BCH1_1NeuNP_H200.1025_MTG_layer_1~MTG_L1_pos","4"
"K07_BCH3_1NeuNP_H200.1030_MTG_Layer_1~MTG_L1_pos","3"
"K08_1_Nuclei_NeuNP_H200_1025_MTG_layer1_BCH9~MTG_L1_pos","2"
"K08_BCH1_1NeuNP_H200.1025_MTG_layer_1~MTG_L1_pos","5"
"K08_BCH3_1NeuNP_H200.1030_MTG_Layer_1~MTG_L1_pos","4"
"K09_1_Nuclei_NeuNP_H200_1025_MTG_layer1_BCH9~MTG_L1_pos","3"
"K10_1_Nuclei_NeuNP_H200_1025_MTG_layer1_BCH9~MTG_L1_pos","2"
"K11_1_Nuclei_NeuNP_H200_1025_MTG_layer1_BCH9~MTG_L1_pos","4"
"K12_1_Nuclei_NeuNP_H200_1025_MTG_layer1_BCH9~MTG_L1_pos","3"
"K13_1_Nuclei_NeuNP_H200_1030_MTG_layer1_BCH5~MTG_L1_pos","3"
"K13_1_Nuclei_NeuNP_H200_1030_MTG_layer1_BCH6~MTG_L1_pos","4"
"K13_1_Nuclei_NeuNP_H200_1030_MTG_layer1_BCH7~MTG_L1_pos","3"
"K13_BCH1_1NeuNP_H200.1030_MTG_layer_1~MTG_L1_pos","4"
"K13_BCH3_1NeuNP_H200.1025_MTG_Layer_1~MTG_L1_pos","4"
"K14_1_Nuclei_NeuNP_H200_1030_MTG_layer1_BCH5~MTG_L1_pos","4"
"K14_1_Nuclei_NeuNP_H200_1030_MTG_layer1_BCH6~MTG_L1_pos","3"
"K14_1_Nuclei_NeuNP_H200_1030_MTG_layer1_BCH7~MTG_L1_pos","4"
"K14_BCH3_1NeuNP_H200.1025_MTG_Layer_1~MTG_L1_pos","4"
"K15_1_Nuclei_NeuNP_H200_1030_MTG_layer1_BCH5~MTG_L1_pos","5"
"K15_1_Nuclei_NeuNP_H200_1030_MTG_layer1_BCH6~MTG_L1_pos","4"
"K15_1_Nuclei_NeuNP_H200_1030_MTG_layer1_BCH7~MTG_L1_pos","5"
"K16_1_Nuclei_NeuNP_H200_1030_MTG_layer1_BCH5~MTG_L1_pos","4"
"K16_1_Nuclei_NeuNP_H200_1030_MTG_layer1_BCH6~MTG_L1_pos","4"
"K16_1_Nuclei_NeuNP_H200_1030_MTG_layer1_BCH7~MTG_L1_pos","4"
"K16_BCH1_1NeuNP_H200.1030_MTG_layer_1~MTG_L1_pos","4"
"K16_BCH3_1NeuNP_H200.1025_MTG_Layer_1~MTG_L1_pos","4"
"K17_1_Nuclei_NeuNP_H200_1030_MTG_layer1_BCH6~MTG_L1_pos","4"
"K17_1_Nuclei_NeuNP_H200_1030_MTG_layer1_BCH7~MTG_L1_pos","5"
"K17_BCH1_1NeuNP_H200.1030_MTG_layer_1~MTG_L1_pos","5"
"K18_1_Nuclei_NeuNP_H200_1030_MTG_layer1_BCH5~MTG_L1_pos","5"
"K18_1_Nuclei_NeuNP_H200_1030_MTG_layer1_BCH6~MTG_L1_pos","5"
"K18_1_Nuclei_NeuNP_H200_1030_MTG_layer1_BCH7~MTG_L1_pos","3"
"K18_BCH3_1NeuNP_H200.1025_MTG_Layer_1~MTG_L1_pos","4"
"K19_1_Nuclei_NeuNP_H200_1030_MTG_layer1_BCH5~MTG_L1_pos","5"
"K19_1_Nuclei_NeuNP_H200_1030_MTG_layer1_BCH6~MTG_L1_pos","5"
"K19_BCH1_1NeuNP_H200.1030_MTG_layer_1~MTG_L1_pos","3"
"K19_BCH3_1NeuNP_H200.1025_MTG_Layer_1~MTG_L1_pos","5"
"K20_1_Nuclei_NeuNP_H200_1030_MTG_layer1_BCH5~MTG_L1_pos","5"
"K20_1_Nuclei_NeuNP_H200_1030_MTG_layer1_BCH6~MTG_L1_pos","5"
"K21_1_Nuclei_NeuNP_H200_1030_MTG_layer1_BCH5~MTG_L1_pos","5"
"K21_1_Nuclei_NeuNP_H200_1030_MTG_layer1_BCH6~MTG_L1_pos","4"
"K21_BCH1_1NeuNP_H200.1030_MTG_layer_1~MTG_L1_pos","3"
"K22_1_Nuclei_NeuNP_H200_1030_MTG_layer1_BCH5~MTG_L1_pos","3"
"K22_1_Nuclei_NeuNP_H200_1030_MTG_layer1_BCH7~MTG_L1_pos","3"
"K22_BCH1_1NeuNP_H200.1030_MTG_layer_1~MTG_L1_pos","5"
"K22_BCH3_1NeuNP_H200.1025_MTG_Layer_1~MTG_L1_pos","4"
"K23_1_Nuclei_NeuNP_H200_1030_MTG_layer1_BCH5~MTG_L1_pos","4"
"K23_1_Nuclei_NeuNP_H200_1030_MTG_layer1_BCH7~MTG_L1_pos","2"
"K23_BCH1_1NeuNP_H200.1030_MTG_layer_1~MTG_L1_pos","4"
"K23_BCH3_1NeuNP_H200.1025_MTG_Layer_1~MTG_L1_pos","4"
"K24_1_Nuclei_NeuNP_H200_1030_MTG_layer1_BCH5~MTG_L1_pos","3"
"K24_1_Nuclei_NeuNP_H200_1030_MTG_layer1_BCH6~MTG_L1_pos","5"
"K24_1_Nuclei_NeuNP_H200_1030_MTG_layer1_BCH7~MTG_L1_pos","3"
"K24_BCH1_1NeuNP_H200.1030_MTG_layer_1~MTG_L1_pos","5"
"K24_BCH3_1NeuNP_H200.1025_MTG_Layer_1~MTG_L1_pos","5"
"L01_1_Nuclei_NeuNP_H200_1025_MTG_layer1_BCH6~MTG_L1_pos","3"
"L01_1_Nuclei_NeuNP_H200_1025_MTG_layer1_BCH7~MTG_L1_pos","4"
"L01_1_Nuclei_NeuNP_H200_1025_MTG_layer1_BCH9~MTG_L1_pos","4"
"L01_1_Nuclei_NeuNP_H200_1030_MTG_layer1_BCH8~MTG_L1_pos","3"
"L01_BCH1_1NeuNP_H200.1025_MTG_layer_1~MTG_L1_pos","5"
"L02_1_Nuclei_NeuNP_H200_1025_MTG_layer1_BCH7~MTG_L1_pos","4"
"L02_1_Nuclei_NeuNP_H200_1025_MTG_layer1_BCH9~MTG_L1_pos","4"
"L02_1_Nuclei_NeuNP_H200_1030_MTG_layer1_BCH8~MTG_L1_pos","4"
"L02_BCH1_1NeuNP_H200.1025_MTG_layer_1~MTG_L1_pos","5"
"L03_1_Nuclei_NeuNP_H200_1025_MTG_layer1_BCH6~MTG_L1_pos","5"
"L03_1_Nuclei_NeuNP_H200_1025_MTG_layer1_BCH7~MTG_L1_pos","2"
"L03_1_Nuclei_NeuNP_H200_1030_MTG_layer1_BCH8~MTG_L1_pos","10"
"L03_BCH1_1NeuNP_H200.1025_MTG_layer_1~MTG_L1_pos","5"
"L04_1_Nuclei_NeuNP_H200_1025_MTG_layer1_BCH6~MTG_L1_pos","4"
"L04_1_Nuclei_NeuNP_H200_1025_MTG_layer1_BCH9~MTG_L1_pos","4"
"L04_1_Nuclei_NeuNP_H200_1030_MTG_layer1_BCH8~MTG_L1_pos","4"
"L04_BCH1_1NeuNP_H200.1025_MTG_layer_1~MTG_L1_pos","4"
"L05_1_Nuclei_NeuNP_H200_1025_MTG_layer1_BCH6~MTG_L1_pos","4"
"L05_1_Nuclei_NeuNP_H200_1025_MTG_layer1_BCH7~MTG_L1_pos","2"
"L05_1_Nuclei_NeuNP_H200_1025_MTG_layer1_BCH9~MTG_L1_pos","4"
"L05_1_Nuclei_NeuNP_H200_1030_MTG_layer1_BCH8~MTG_L1_pos","5"
"L05_BCH1_1NeuNP_H200.1025_MTG_layer_1~MTG_L1_pos","10"
"L06_1_Nuclei_NeuNP_H200_1025_MTG_layer1_BCH7~MTG_L1_pos","4"
"L06_1_Nuclei_NeuNP_H200_1025_MTG_layer1_BCH9~MTG_L1_pos","5"
"L06_BCH1_1NeuNP_H200.1025_MTG_layer_1~MTG_L1_pos","3"
"L07_1_Nuclei_NeuNP_H200_1025_MTG_layer1_BCH7~MTG_L1_pos","4"
"L07_1_Nuclei_NeuNP_H200_1030_MTG_layer1_BCH8~MTG_L1_pos","5"
"L08_1_Nuclei_NeuNP_H200_1025_MTG_layer1_BCH6~MTG_L1_pos","5"
"L08_1_Nuclei_NeuNP_H200_1025_MTG_layer1_BCH9~MTG_L1_pos","3"
"L08_1_Nuclei_NeuNP_H200_1030_MTG_layer1_BCH8~MTG_L1_pos","4"
"L08_BCH1_1NeuNP_H200.1025_MTG_layer_1~MTG_L1_pos","5"
"L09_1_Nuclei_NeuNP_H200_1025_MTG_layer1_BCH6~MTG_L1_pos","5"
"L09_1_Nuclei_NeuNP_H200_1025_MTG_layer1_BCH9~MTG_L1_pos","4"
"L09_1_Nuclei_NeuNP_H200_1030_MTG_layer1_BCH8~MTG_L1_pos","5"
"L09_BCH1_1NeuNP_H200.1025_MTG_layer_1~MTG_L1_pos","4"
"L10_1_Nuclei_NeuNP_H200_1025_MTG_layer1_BCH6~MTG_L1_pos","3"
"L10_1_Nuclei_NeuNP_H200_1025_MTG_layer1_BCH7~MTG_L1_pos","3"
"L10_1_Nuclei_NeuNP_H200_1025_MTG_layer1_BCH9~MTG_L1_pos","4"
"L10_BCH1_1NeuNP_H200.1025_MTG_layer_1~MTG_L1_pos","4"
"L11_1_Nuclei_NeuNP_H200_1025_MTG_layer1_BCH6~MTG_L1_pos","2"
"L11_1_Nuclei_NeuNP_H200_1025_MTG_layer1_BCH7~MTG_L1_pos","2"
"L11_BCH1_1NeuNP_H200.1025_MTG_layer_1~MTG_L1_pos","3"
"L12_1_Nuclei_NeuNP_H200_1025_MTG_layer1_BCH6~MTG_L1_pos","5"
"L12_1_Nuclei_NeuNP_H200_1025_MTG_layer1_BCH7~MTG_L1_pos","5"
"L12_1_Nuclei_NeuNP_H200_1030_MTG_layer1_BCH8~MTG_L1_pos","4"
"L12_BCH1_1NeuNP_H200.1025_MTG_layer_1~MTG_L1_pos","4"
"M01_1_Nuclei_NeuNP_H200_1025_MTG_layer1_BCH9~MTG_L1_pos","4"
"M01_BCH3_1NeuNP_H200.1030_MTG_Layer_1~MTG_L1_pos","4"
"M02_1_Nuclei_NeuNP_H200_1025_MTG_layer1_BCH9~MTG_L1_pos","5"
"M02_BCH1_1NeuNP_H200.1025_MTG_layer_1~MTG_L1_pos","3"
"M03_1_Nuclei_NeuNP_H200_1025_MTG_layer1_BCH9~MTG_L1_pos","4"
"M03_BCH1_1NeuNP_H200.1025_MTG_layer_1~MTG_L1_pos","5"
"M03_BCH3_1NeuNP_H200.1030_MTG_Layer_1~MTG_L1_pos","4"
"M04_1_Nuclei_NeuNP_H200_1025_MTG_layer1_BCH9~MTG_L1_pos","5"
"M04_BCH1_1NeuNP_H200.1025_MTG_layer_1~MTG_L1_pos","4"
"M04_BCH3_1NeuNP_H200.1030_MTG_Layer_1~MTG_L1_pos","3"
"M05_1_Nuclei_NeuNP_H200_1025_MTG_layer1_BCH9~MTG_L1_pos","4"
"M05_BCH1_1NeuNP_H200.1025_MTG_layer_1~MTG_L1_pos","3"
"M05_BCH3_1NeuNP_H200.1030_MTG_Layer_1~MTG_L1_pos","4"
"M06_BCH1_1NeuNP_H200.1025_MTG_layer_1~MTG_L1_pos","4"
"M06_BCH3_1NeuNP_H200.1030_MTG_Layer_1~MTG_L1_pos","5"
"M07_BCH3_1NeuNP_H200.1030_MTG_Layer_1~MTG_L1_pos","5"
"M08_1_Nuclei_NeuNP_H200_1025_MTG_layer1_BCH9~MTG_L1_pos","4"
"M09_1_Nuclei_NeuNP_H200_1025_MTG_layer1_BCH9~MTG_L1_pos","4"
"M11_1_Nuclei_NeuNP_H200_1025_MTG_layer1_BCH9~MTG_L1_pos","2"
"M13_1_Nuclei_NeuNP_H200_1030_MTG_layer1_BCH5~MTG_L1_pos","3"
"M13_1_Nuclei_NeuNP_H200_1030_MTG_layer1_BCH7~MTG_L1_pos","4"
"M13_BCH1_1NeuNP_H200.1030_MTG_layer_1~MTG_L1_pos","4"
"M13_BCH3_1NeuNP_H200.1025_MTG_Layer_1~MTG_L1_pos","2"
"M14_1_Nuclei_NeuNP_H200_1030_MTG_layer1_BCH7~MTG_L1_pos","2"
"M14_BCH1_1NeuNP_H200.1030_MTG_layer_1~MTG_L1_pos","5"
"M15_1_Nuclei_NeuNP_H200_1030_MTG_layer1_BCH5~MTG_L1_pos","4"
"M15_1_Nuclei_NeuNP_H200_1030_MTG_layer1_BCH6~MTG_L1_pos","4"
"M15_BCH1_1NeuNP_H200.1030_MTG_layer_1~MTG_L1_pos","4"
"M15_BCH3_1NeuNP_H200.1025_MTG_Layer_1~MTG_L1_pos","4"
"M16_1_Nuclei_NeuNP_H200_1030_MTG_layer1_BCH5~MTG_L1_pos","5"
"M16_1_Nuclei_NeuNP_H200_1030_MTG_layer1_BCH6~MTG_L1_pos","4"
"M16_1_Nuclei_NeuNP_H200_1030_MTG_layer1_BCH7~MTG_L1_pos","5"
"M16_BCH1_1NeuNP_H200.1030_MTG_layer_1~MTG_L1_pos","4"
"M17_1_Nuclei_NeuNP_H200_1030_MTG_layer1_BCH7~MTG_L1_pos","5"
"M17_BCH1_1NeuNP_H200.1030_MTG_layer_1~MTG_L1_pos","4"
"M17_BCH3_1NeuNP_H200.1025_MTG_Layer_1~MTG_L1_pos","4"
"M18_1_Nuclei_NeuNP_H200_1030_MTG_layer1_BCH5~MTG_L1_pos","4"
"M18_1_Nuclei_NeuNP_H200_1030_MTG_layer1_BCH6~MTG_L1_pos","4"
"M18_1_Nuclei_NeuNP_H200_1030_MTG_layer1_BCH7~MTG_L1_pos","5"
"M18_BCH3_1NeuNP_H200.1025_MTG_Layer_1~MTG_L1_pos","5"
"M19_1_Nuclei_NeuNP_H200_1030_MTG_layer1_BCH5~MTG_L1_pos","4"
"M19_1_Nuclei_NeuNP_H200_1030_MTG_layer1_BCH6~MTG_L1_pos","3"
"M19_1_Nuclei_NeuNP_H200_1030_MTG_layer1_BCH7~MTG_L1_pos","4"
"M19_BCH3_1NeuNP_H200.1025_MTG_Layer_1~MTG_L1_pos","4"
"M20_1_Nuclei_NeuNP_H200_1030_MTG_layer1_BCH5~MTG_L1_pos","4"
"M20_1_Nuclei_NeuNP_H200_1030_MTG_layer1_BCH7~MTG_L1_pos","5"
"M20_BCH1_1NeuNP_H200.1030_MTG_layer_1~MTG_L1_pos","3"
"M20_BCH3_1NeuNP_H200.1025_MTG_Layer_1~MTG_L1_pos","4"
"M21_1_Nuclei_NeuNP_H200_1030_MTG_layer1_BCH5~MTG_L1_pos","5"
"M21_1_Nuclei_NeuNP_H200_1030_MTG_layer1_BCH6~MTG_L1_pos","5"
"M21_1_Nuclei_NeuNP_H200_1030_MTG_layer1_BCH7~MTG_L1_pos","4"
"M21_BCH1_1NeuNP_H200.1030_MTG_layer_1~MTG_L1_pos","4"
"M21_BCH3_1NeuNP_H200.1025_MTG_Layer_1~MTG_L1_pos","3"
"M22_1_Nuclei_NeuNP_H200_1030_MTG_layer1_BCH6~MTG_L1_pos","5"
"M22_BCH1_1NeuNP_H200.1030_MTG_layer_1~MTG_L1_pos","5"
"M22_BCH3_1NeuNP_H200.1025_MTG_Layer_1~MTG_L1_pos","3"
"M23_1_Nuclei_NeuNP_H200_1030_MTG_layer1_BCH5~MTG_L1_pos","3"
"M23_1_Nuclei_NeuNP_H200_1030_MTG_layer1_BCH7~MTG_L1_pos","4"
"M23_BCH1_1NeuNP_H200.1030_MTG_layer_1~MTG_L1_pos","5"
"N01_1_Nuclei_NeuNP_H200_1025_MTG_layer1_BCH6~MTG_L1_pos","2"
"N01_1_Nuclei_NeuNP_H200_1025_MTG_layer1_BCH7~MTG_L1_pos","3"
"N01_1_Nuclei_NeuNP_H200_1025_MTG_layer1_BCH9~MTG_L1_pos","4"
"N01_1_Nuclei_NeuNP_H200_1030_MTG_layer1_BCH8~MTG_L1_pos","4"
"N02_1_Nuclei_NeuNP_H200_1025_MTG_layer1_BCH6~MTG_L1_pos","5"
"N02_1_Nuclei_NeuNP_H200_1025_MTG_layer1_BCH7~MTG_L1_pos","5"
"N02_1_Nuclei_NeuNP_H200_1025_MTG_layer1_BCH9~MTG_L1_pos","4"
"N02_BCH1_1NeuNP_H200.1025_MTG_layer_1~MTG_L1_pos","3"
"N03_1_Nuclei_NeuNP_H200_1025_MTG_layer1_BCH6~MTG_L1_pos","3"
"N03_1_Nuclei_NeuNP_H200_1025_MTG_layer1_BCH7~MTG_L1_pos","4"
"N03_1_Nuclei_NeuNP_H200_1030_MTG_layer1_BCH8~MTG_L1_pos","3"
"N04_1_Nuclei_NeuNP_H200_1025_MTG_layer1_BCH6~MTG_L1_pos","4"
"N04_1_Nuclei_NeuNP_H200_1025_MTG_layer1_BCH7~MTG_L1_pos","4"
"N04_1_Nuclei_NeuNP_H200_1025_MTG_layer1_BCH9~MTG_L1_pos","3"
"N04_BCH1_1NeuNP_H200.1025_MTG_layer_1~MTG_L1_pos","5"
"N05_1_Nuclei_NeuNP_H200_1025_MTG_layer1_BCH6~MTG_L1_pos","2"
"N05_1_Nuclei_NeuNP_H200_1025_MTG_layer1_BCH7~MTG_L1_pos","4"
"N05_1_Nuclei_NeuNP_H200_1025_MTG_layer1_BCH9~MTG_L1_pos","2"
"N05_1_Nuclei_NeuNP_H200_1030_MTG_layer1_BCH8~MTG_L1_pos","5"
"N05_BCH1_1NeuNP_H200.1025_MTG_layer_1~MTG_L1_pos","4"
"N06_1_Nuclei_NeuNP_H200_1025_MTG_layer1_BCH6~MTG_L1_pos","4"
"N06_1_Nuclei_NeuNP_H200_1025_MTG_layer1_BCH7~MTG_L1_pos","2"
"N06_1_Nuclei_NeuNP_H200_1025_MTG_layer1_BCH9~MTG_L1_pos","4"
"N06_1_Nuclei_NeuNP_H200_1030_MTG_layer1_BCH8~MTG_L1_pos","5"
"N07_1_Nuclei_NeuNP_H200_1025_MTG_layer1_BCH7~MTG_L1_pos","4"
"N07_1_Nuclei_NeuNP_H200_1025_MTG_layer1_BCH9~MTG_L1_pos","3"
"N07_1_Nuclei_NeuNP_H200_1030_MTG_layer1_BCH8~MTG_L1_pos","5"
"N07_BCH1_1NeuNP_H200.1025_MTG_layer_1~MTG_L1_pos","4"
"N08_1_Nuclei_NeuNP_H200_1025_MTG_layer1_BCH6~MTG_L1_pos","2"
"N08_1_Nuclei_NeuNP_H200_1025_MTG_layer1_BCH9~MTG_L1_pos","4"
"N08_1_Nuclei_NeuNP_H200_1030_MTG_layer1_BCH8~MTG_L1_pos","5"
"N08_BCH1_1NeuNP_H200.1025_MTG_layer_1~MTG_L1_pos","3"
"N09_1_Nuclei_NeuNP_H200_1025_MTG_layer1_BCH6~MTG_L1_pos","2"
"N09_1_Nuclei_NeuNP_H200_1025_MTG_layer1_BCH7~MTG_L1_pos","5"
"N09_1_Nuclei_NeuNP_H200_1025_MTG_layer1_BCH9~MTG_L1_pos","2"
"N09_1_Nuclei_NeuNP_H200_1030_MTG_layer1_BCH8~MTG_L1_pos","5"
"N10_1_Nuclei_NeuNP_H200_1025_MTG_layer1_BCH6~MTG_L1_pos","5"
"N10_1_Nuclei_NeuNP_H200_1025_MTG_layer1_BCH9~MTG_L1_pos","2"
"N10_BCH1_1NeuNP_H200.1025_MTG_layer_1~MTG_L1_pos","5"
"N11_1_Nuclei_NeuNP_H200_1025_MTG_layer1_BCH6~MTG_L1_pos","5"
"N11_1_Nuclei_NeuNP_H200_1025_MTG_layer1_BCH7~MTG_L1_pos","5"
"N11_1_Nuclei_NeuNP_H200_1025_MTG_layer1_BCH9~MTG_L1_pos","4"
"N11_1_Nuclei_NeuNP_H200_1030_MTG_layer1_BCH8~MTG_L1_pos","4"
"N11_BCH1_1NeuNP_H200.1025_MTG_layer_1~MTG_L1_pos","3"
"O01_BCH3_1NeuNN_H200.1030_MTG_Layer_1~MTG_L1_neg","7"
"O02_BCH1_1NeuNN_H200.1025_MTG_layer_1~MTG_L1_neg","7"
"O03_1_Nuclei_NeuNN_H200_1025_MTG_layer1_BCH9~MTG_L1_neg","7"
"O03_BCH1_1NeuNN_H200.1025_MTG_layer_1~MTG_L1_neg","8"
"O03_BCH3_1NeuNN_H200.1030_MTG_Layer_1~MTG_L1_neg","8"
"O04_1_Nuclei_NeuNN_H200_1025_MTG_layer1_BCH9~MTG_L1_neg","8"
"O04_BCH1_1NeuNN_H200.1025_MTG_layer_1~MTG_L1_neg","6"
"O04_BCH3_1NeuNN_H200.1030_MTG_Layer_1~MTG_L1_neg","8"
"O05_1_Nuclei_NeuNN_H200_1025_MTG_layer1_BCH9~MTG_L1_neg","8"
"O05_BCH1_1NeuNN_H200.1025_MTG_layer_1~MTG_L1_neg","8"
"O05_BCH3_1NeuNN_H200.1030_MTG_Layer_1~MTG_L1_neg","6"
"O06_1_Nuclei_NeuNN_H200_1025_MTG_layer1_BCH9~MTG_L1_neg","8"
"O07_1_Nuclei_NeuNN_H200_1025_MTG_layer1_BCH9~MTG_L1_neg","7"
"O07_BCH3_1NeuNN_H200.1030_MTG_Layer_1~MTG_L1_neg","8"
"O10_1_Nuclei_NeuNN_H200_1025_MTG_layer1_BCH9~MTG_L1_neg","7"
"O11_1_Nuclei_NeuNN_H200_1025_MTG_layer1_BCH9~MTG_L1_neg","9"
"O13_1_Nuclei_NeuNN_H200_1030_MTG_layer1_BCH5~MTG_L1_neg","8"
"O13_1_Nuclei_NeuNN_H200_1030_MTG_layer1_BCH6~MTG_L1_neg","7"
"O13_BCH1_1NeuNN_H200.1030_MTG_layer_1~MTG_L1_neg","8"
"O13_BCH3_1NeuNN_H200.1025_MTG_Layer_1~MTG_L1_neg","9"
"O14_1_Nuclei_NeuNN_H200_1030_MTG_layer1_BCH7~MTG_L1_neg","6"
"O14_BCH1_1NeuNN_H200.1030_MTG_layer_1~MTG_L1_neg","7"
"O15_1_Nuclei_NeuNN_H200_1030_MTG_layer1_BCH5~MTG_L1_neg","7"
"O15_1_Nuclei_NeuNN_H200_1030_MTG_layer1_BCH7~MTG_L1_neg","8"
"O15_BCH1_1NeuNN_H200.1030_MTG_layer_1~MTG_L1_neg","8"
"O16_1_Nuclei_NeuNN_H200_1030_MTG_layer1_BCH5~MTG_L1_neg","6"
"O16_1_Nuclei_NeuNN_H200_1030_MTG_layer1_BCH6~MTG_L1_neg","9"
"O17_1_Nuclei_NeuNN_H200_1030_MTG_layer1_BCH5~MTG_L1_neg","6"
"O17_1_Nuclei_NeuNN_H200_1030_MTG_layer1_BCH6~MTG_L1_neg","8"
"O17_1_Nuclei_NeuNN_H200_1030_MTG_layer1_BCH7~MTG_L1_neg","8"
"O17_BCH1_1NeuNN_H200.1030_MTG_layer_1~MTG_L1_neg","7"
"O18_1_Nuclei_NeuNN_H200_1030_MTG_layer1_BCH5~MTG_L1_neg","6"
"O18_1_Nuclei_NeuNN_H200_1030_MTG_layer1_BCH6~MTG_L1_neg","8"
"O18_BCH1_1NeuNN_H200.1030_MTG_layer_1~MTG_L1_neg","8"
"O18_BCH3_1NeuNN_H200.1025_MTG_Layer_1~MTG_L1_neg","9"
"O19_1_Nuclei_NeuNN_H200_1030_MTG_layer1_BCH5~MTG_L1_neg","6"
"O19_1_Nuclei_NeuNN_H200_1030_MTG_layer1_BCH6~MTG_L1_neg","8"
"O19_BCH1_1NeuNN_H200.1030_MTG_layer_1~MTG_L1_neg","8"
"O20_1_Nuclei_NeuNN_H200_1030_MTG_layer1_BCH5~MTG_L1_neg","8"
"O20_1_Nuclei_NeuNN_H200_1030_MTG_layer1_BCH6~MTG_L1_neg","7"
"O20_1_Nuclei_NeuNN_H200_1030_MTG_layer1_BCH7~MTG_L1_neg","9"
"O20_BCH1_1NeuNN_H200.1030_MTG_layer_1~MTG_L1_neg","8"
"O20_BCH3_1NeuNN_H200.1025_MTG_Layer_1~MTG_L1_neg","8"
"O21_1_Nuclei_NeuNN_H200_1030_MTG_layer1_BCH5~MTG_L1_neg","8"
"O21_1_Nuclei_NeuNN_H200_1030_MTG_layer1_BCH6~MTG_L1_neg","8"
"O21_1_Nuclei_NeuNN_H200_1030_MTG_layer1_BCH7~MTG_L1_neg","8"
"O21_BCH1_1NeuNN_H200.1030_MTG_layer_1~MTG_L1_neg","9"
"O21_BCH3_1NeuNN_H200.1025_MTG_Layer_1~MTG_L1_neg","8"
"O22_1_Nuclei_NeuNN_H200_1030_MTG_layer1_BCH5~MTG_L1_neg","8"
"O22_1_Nuclei_NeuNN_H200_1030_MTG_layer1_BCH6~MTG_L1_neg","8"
"O22_1_Nuclei_NeuNN_H200_1030_MTG_layer1_BCH7~MTG_L1_neg","7"
"O22_BCH1_1NeuNN_H200.1030_MTG_layer_1~MTG_L1_neg","8"
"O22_BCH3_1NeuNN_H200.1025_MTG_Layer_1~MTG_L1_neg","7"
"O23_1_Nuclei_NeuNN_H200_1030_MTG_layer1_BCH7~MTG_L1_neg","9"
"O23_BCH1_1NeuNN_H200.1030_MTG_layer_1~MTG_L1_neg","7"
"O23_BCH3_1NeuNN_H200.1025_MTG_Layer_1~MTG_L1_neg","7"
"P01_1_Nuclei_NeuNN_H200_1025_MTG_layer1_BCH6~MTG_L1_neg","8"
"P01_BCH1_1NeuNN_H200.1025_MTG_layer_1~MTG_L1_neg","8"
"P02_1_Nuclei_NeuNN_H200_1025_MTG_layer1_BCH6~MTG_L1_neg","8"
"P02_1_Nuclei_NeuNN_H200_1025_MTG_layer1_BCH7~MTG_L1_neg","9"
"P02_1_Nuclei_NeuNN_H200_1030_MTG_layer1_BCH8~MTG_L1_neg","9"
"P02_BCH1_1NeuNN_H200.1025_MTG_layer_1~MTG_L1_neg","8"
"P03_1_Nuclei_NeuNN_H200_1025_MTG_layer1_BCH6~MTG_L1_neg","9"
"P03_1_Nuclei_NeuNN_H200_1025_MTG_layer1_BCH9~MTG_L1_neg","8"
"P04_1_Nuclei_NeuNN_H200_1025_MTG_layer1_BCH6~MTG_L1_neg","9"
"P04_1_Nuclei_NeuNN_H200_1025_MTG_layer1_BCH7~MTG_L1_neg","6"
"P04_1_Nuclei_NeuNN_H200_1030_MTG_layer1_BCH8~MTG_L1_neg","8"
"P04_BCH1_1NeuNN_H200.1025_MTG_layer_1~MTG_L1_neg","8"
"P05_1_Nuclei_NeuNN_H200_1025_MTG_layer1_BCH6~MTG_L1_neg","9"
"P05_1_Nuclei_NeuNN_H200_1025_MTG_layer1_BCH7~MTG_L1_neg","8"
"P05_1_Nuclei_NeuNN_H200_1025_MTG_layer1_BCH9~MTG_L1_neg","6"
"P06_1_Nuclei_NeuNN_H200_1030_MTG_layer1_BCH8~MTG_L1_neg","9"
"P07_BCH1_1NeuNN_H200.1025_MTG_layer_1~MTG_L1_neg","9"
"P08_1_Nuclei_NeuNN_H200_1025_MTG_layer1_BCH6~MTG_L1_neg","8"
"P08_1_Nuclei_NeuNN_H200_1025_MTG_layer1_BCH7~MTG_L1_neg","9"
"P08_1_Nuclei_NeuNN_H200_1025_MTG_layer1_BCH9~MTG_L1_neg","8"
"P09_1_Nuclei_NeuNN_H200_1025_MTG_layer1_BCH6~MTG_L1_neg","7"
"P09_1_Nuclei_NeuNN_H200_1025_MTG_layer1_BCH7~MTG_L1_neg","8"
"P09_1_Nuclei_NeuNN_H200_1025_MTG_layer1_BCH9~MTG_L1_neg","8"
"P09_1_Nuclei_NeuNN_H200_1030_MTG_layer1_BCH8~MTG_L1_neg","7"
"P09_BCH1_1NeuNN_H200.1025_MTG_layer_1~MTG_L1_neg","9"
"P10_1_Nuclei_NeuNN_H200_1025_MTG_layer1_BCH6~MTG_L1_neg","8"
"P10_1_Nuclei_NeuNN_H200_1025_MTG_layer1_BCH9~MTG_L1_neg","7"
"P10_BCH1_1NeuNN_H200.1025_MTG_layer_1~MTG_L1_neg","9"
"P11_1_Nuclei_NeuNN_H200_1025_MTG_layer1_BCH7~MTG_L1_neg","8"
"P11_1_Nuclei_NeuNN_H200_1025_MTG_layer1_BCH9~MTG_L1_neg","7"
"P11_1_Nuclei_NeuNN_H200_1030_MTG_layer1_BCH8~MTG_L1_neg","8"
